BC_index	UMI_index	BC	UMI	nReads	topVJ_region	topVJ_nReads	topVJ_freq	CDR3_nt	CDR3_aa	CDR3_isProductive	CDR3_nReads	CDR3_freq	CDR3_stopcodons	TCR_nt	TCR_orf	TCR_aa	TRAV_nReads	TRAJ_nReads	TRAC_nReads	TRBV_nReads	TRBJ_nReads	TRBC_nReads	UNKN_nReads
1	1	AACAGGAGGGCG	ACTGCGTT	22	('TRAV22-1', 'TRAJ45')	22	1.0	TGTGCTGTGGATGGGGGAGGAAGTGCTGACAGACTCACCTTT	CAVDGGGSADRLTF	False	22	1.0	1	GGAATTCAAGTGGAGCAGAGTCCTCCAGACCTGATTCTCCAGGAGGGAGCCAATTCTACGCTGCGGTGCAATTATTCTGCCACTGCGAACAATTTGCAGTGGTTTCACCAAAACCCTTGGGGACAGCTCATCAACCTGTTTTACATCCCCTCAGGGACAAAACAGAATGGAAGATTAAGCGCCACGACTGTTCGGAGATGTGTATAAGAGACAGAGCACATTTCCTCCTCCCAGACCACAGACTCAGGCATTTATTTCTGTGCTGTGGATGGGGGAGGAAGTGCTGACAGACTCACCTTTGGCAAAGGGACTCGTCTAATCGTCCAGCCCT	0	GIQVEQSPPDLILQEGANSTLRCNYSATANNLQWFHQNPWGQLINLFYIPSGTKQNGRLSATTVRRCV*ETEHISSSQTTDSGIYFCAVDGGGSADRLTFGKGTRLIVQP	22	22	0	0	0	0	0
2	1	ACACCTTCTTCC	CCGGCACC	16	('TRAV25', 'TRAJ15')	16	1.0	TGCGCAGGGTCCGGAACTGCACTGATCTTT	CAGSGTALIF	True	16	1.0	0	GGACAACAAATAATGCAAATTCCTCAGTACCAGCATGTACAAGAAGGAGAGGACTTCACCACGTACTGCAATTCCTCAACTACTTTAAGCAATATACAGTGGTATAAGCAAAGGCCTGGGGGACATCCCGTTTTTTTGATAATGTTAGTGAAGAGTGGAGAAGTGAAGAAGCAGAAAAGACTGACAGATGTGTATAAGAGACAGAGAAAGAACAGCTCCCTGCACATCACAGCCACCCAGACTACAGATGTAGGAACCTACTTCTGCGCAGGGTCCGGAACTGCACTGATCTTTGGGAAAGGAACCACCTTATCAGTGAGTTCCA	0	GQQIMQIPQYQHVQEGEDFTTYCNSSTTLSNIQWYKQRPGGHPVFLIMLVKSGEVKKQKRLTDVYKRQRKNSSLHITATQTTDVGTYFCAGSGTALIFGKGTTLSVSS	16	16	0	0	0	0	0
3	1	ACCCGGGTGGTG	AGAACTGC	7	('TRAV12-1', 'TRAJ50')	7	1.0	TGTGCAGTGCGTATGCCAACCTCCTACAACAAGCTGATGTTT	CAVRMPTSYNKLMF	True	7	1.0	0	CAGAAGGAGGTGGAGCAGGATCCTGGACCCTTCAGTGTTCCAGAGGGAGCCACTGTCACTTTCAACTGCACTTACAGCAACAGTGCTTCCCAGTCTTTCTTCTGGTACAGACAGGATTCCAGGAAAGAACCTAAGTTGCTGATGTCTGTATACTCCAGTGGTAACGAAGATGGAAGGTTTACAGCACAGCTCAATAGAGCCAGCCAGTATATTTCCCTGCTCATCAGAGACTCCCAGCTCAGTGATTCAGCCACCTACCTCTGTGCAGTGCGTATGCCAACCTCCTACAACAAGCTGATGTTTGGGCGGGGGACAAGCTTATCAGTCATTCCAA	0	QKEVEQDPGPFSVPEGATVTFNCTYSNSASQSFFWYRQDSRKEPKLLMSVYSSGNEDGRFTAQLNRASQYISLLIRDSQLSDSATYLCAVRMPTSYNKLMFGRGTSLSVIP	7	7	0	0	0	0	0
4	1	ACTTCCAGAGGG	GAATAGAG	18	('TRAV13-1', 'TRAJ23')	18	1.0	TGCGCAGCGAGTATGAGGCAGGAAAGCTTATCTTCGGACAGGGAACCG	CAASMRQESLSSDREP	False	18	1.0	1	GGAGAGAATGTGGAGCAGCATCCTTCAACCCTGAGTGTCCAGGAGGGAGACAGCTCCGTTATCAAGTGTACTTATTCAGACAGTGCCTCAAACTACTTCCCTTGGTATAAGCAAGAACTTGGAAAAGGACCTCAGTTCATTATAGACATTCGTTCAAATGCGCATGAAAAGAAAAACCAAAGAATTACTGTTTACAGAGACAAGACAGCCAAACATTTCTCTCTGCACATCACAGAGACCCAACCGGGAGACTCAGCTGTCTACTTCTGCGCAGCGAGTATGAGGCAGGAAAGCTTATCTTCGGACAGGGAACCGAGTTATCTGTGAAGCCCA	0	GENVEQHPSTLSVQEGDSSVIKCTYSDSASNYFPWYKQELGKGPQFIIDIRSNAHEKKNQRITVYRDKTAKHFSLHITETQPGDSAVYFCAASMRQESLSSDREPSYL*SP	18	18	0	0	0	0	0
5	1	AGAGCGCGCGCC	AAGAATCG	23	('TRAV25', 'TRAJ15')	23	1.0	TGCGCAGGGGTCCAGGCTGGAACTGCACTGATCTTT	CAGVQAGTALIF	True	23	1.0	0	GGACAACAAATAATGCAAATTCCTCAGTACCAGCATGTACAAGAAGGAGAGGACTTCACCACGTACTGCAATTCCTCAACTACTTTAAGCAATATACAGTGGTATAAGCAAAGGCCTGGGGGACATCCCGTTTTTTTGATAATGTTAGTGAAGAGTGGAGAAGTGAAGAAGCAGAAAAGACTGACATTTCAGTATAAGAGACAGAGAAAGAACAGCTCCCTGCACATCACAGCCACCCAGACTACAGATGAAGGAAGCTACTTCTGCGCAGGGGTCCAGGCTGGAACTGCACTGATCTTTGGGAAGGGAACCACCTTATCAGTGAGTTCCA	0	GQQIMQIPQYQHVQEGEDFTTYCNSSTTLSNIQWYKQRPGGHPVFLIMLVKSGEVKKQKRLTFQYKRQRKNSSLHITATQTTDEGSYFCAGVQAGTALIFGKGTTLSVSS	23	23	0	0	0	0	0
6	1	AGAGGCTCTAAA	TCCGAAGA	80	('TRAV1-2', 'TRAJ12')	80	1.0	TGTGCTGTGGTGGATAGCGACTATAAATTGATCTTT	CAVVDSDYKLIF	True	79	0.988	0	GGACAAAACATTGACCAGCCCACTGAGATGACAGCTATGGAAGGAGTCATTGTCCAGATCAACTGCACGTACCAGACGTCTGGGTTCAATGGGCTGTCCTGGTACCAGCAACATGATGGCGAAGCACCCACACTTCTCTCTTACAATGTTCTGGATGGTTTGGAGGAGAAAGGTCGTTTTTCTTCATTAATTCGTCTCGTGGGCTCGGAGATGTGTATAAGAGACAGAGAGCTCCAGATGAAAGACTCTGCCTCTTACCTCTGTGCTGTGGTGGATAGCGACTATAAATTGATCTTTGGGAGTGGGACCAGACTCCTGGTCAGGCCTG	0	GQNIDQPTEMTAMEGVIVQINCTYQTSGFNGLSWYQQHDGEAPTLLSYNVLDGLEEKGRFSSLIRLVGSEMCIRDRELQMKDSASYLCAVVDSDYKLIFGSGTRLLVRP	80	80	0	0	0	0	0
7	1	AGCCCCCCCCAG	ATCTTGGA	1000	('TRAV25', 'TRAJ52')	1000	1.0	TGCGCAGGGCCCGGTGGTACTGGCTATGGAAAGCTGACATTT	CAGPGGTGYGKLTF	True	953	0.953	0	GGACAACAAATAATGCAAATTCCTCAGTACCAGCATGTACAAGAAGGAGAGGACTTCACCACGTACTGCAATTCCTCAACTACTTTAAGCAATATACAGTGGTATAAGCAAAGGCCTGGGGGACATCCCGTTTTTTTGATAATGTTAGTGAAGAGTGGAGAAGTGAAGAAGCAGAAAAGACTGACATTTCAGTCTGGGAGACAGAGAAAGAACAGCTCCCTGCACATCACAGCCACCCAGACTACAGATGTAGGAACCTACTTCTGCGCAGGGCCCGGTGGTACTGGCTATGGAAAGCTGACATTTGGACAAGGGACCATCTTGACTGTCTATCCAA	0	GQQIMQIPQYQHVQEGEDFTTYCNSSTTLSNIQWYKQRPGGHPVFLIMLVKSGEVKKQKRLTFQSGRQRKNSSLHITATQTTDVGTYFCAGPGGTGYGKLTFGQGTILTVYP	1000	1000	0	0	0	0	0
8	1	ATCCCGACTTCC	AGCGAGGC	10	('TRAV1-2', 'TRAJ33')	10	1.0	TGTGCTGTGAGAGATAGCAACTATCAGTTAATCTGGGGCGCTGGGACC	CAVRDSNYQLIWGAGT	True	10	1.0	0	GGACAAAACATTGACCAGCCCACTGAGATGACAGCTATGGAAGGAGTCATTGTCCAGATCAACTGCACGTACCAGACGTCTGGGTTCAATGGGCTGTCCTGGTACCAGCAACATGATGGCGAAGCACCCACACTTCTCTCTTACAATGTTCTGGATGGTTTGGAGGAGAAAGGTCGTTTTTCTTCATTAATTCGTCTCGTGGGCTCGGAGATGTGTATAAGAGACAGAGAGCTCCAGATGAAAGACTCTGCCTCTTACCTCTGTGCTGTGAGAGATAGCAACTATCAGTTAATCTGGGGCGCTGGGACCAAGCTAATTATAAAGCCAG	0	GQNIDQPTEMTAMEGVIVQINCTYQTSGFNGLSWYQQHDGEAPTLLSYNVLDGLEEKGRFSSLIRLVGSEMCIRDRELQMKDSASYLCAVRDSNYQLIWGAGTKLIIKP	10	10	0	0	0	0	0
9	1	ATGATTCCAGAT	CTGCTGCC	8	('TRAV13-1', 'TRAJ5')	8	1.0	TGCGCAGCAATTTCGGACACGGGCAGGAGAGCACTTACTTTT	CAAISDTGRRALTF	True	8	1.0	0	GGAGAGAATGTGGAGCAGCATCCTTCAACCCTGAGTGTCCAGGAGGGAGACAGCTCCGTTATCAAGTGTACTTATTCAGACAGTGCCTCAAACTACTTCCCTTGGTATAAGCAAGAACTTGGAAAAGGACCTCAGTTCATTATAGACATTCGTTCAAATGCGCATGAAAAGAAAAACCAAAGAATTACTGTTTTATTGAAAAAGACAGCCAAACATTTCTCTCTGCACATCACAGAGACCCAACCTGGAGACTCAGCTGTCTACTTCTGCGCAGCAATTTCGGACACGGGCAGGAGAGCACTTACTTTTGGGAGTGGAACAAGACTCCAAATGCAACCAA	0	GENVEQHPSTLSVQEGDSSVIKCTYSDSASNYFPWYKQELGKGPQFIIDIRSNAHEKKNQRITVLLKKTAKHFSLHITETQPGDSAVYFCAAISDTGRRALTFGSGTRLQMQP	8	8	0	0	0	0	0
10	1	CACACCGCCAAC	TGATGAAG	29	('TRAV12-1', 'TRAJ10')	29	1.0	TGTGTCGTGACGGGGGGAGGAGGAAACAAACTCACCTTT	CVVTGGGGNKLTF	True	29	1.0	0	CAGAAGGAGGTGGAGCAGGATCCTGGACCCTTCAGTGTTCCAGAGGGAGCCACTGTCACTTTCAACTGCACTTACAGCAACAGTGCTTCCCAGTCTTTCTTCTGGTACAGACAGGATTCCAGGAAAGAACCTAAGTTGCTGATGTCTGTATACTCCAGTGGTAACGAAGATGGAAGGTTTACAGCACAGCTCAATAGAGCCAGCCAGTATATTTCCCTGCTCATCAGAGACTCCCAGCTCAGTGATTCAGCCACCTACCTCTGTGTCGTGACGGGGGGAGGAGGAAACAAACTCACCTTTGGGACAGGCACTCAGCTAAAAGTGGAACTGA	0	QKEVEQDPGPFSVPEGATVTFNCTYSNSASQSFFWYRQDSRKEPKLLMSVYSSGNEDGRFTAQLNRASQYISLLIRDSQLSDSATYLCVVTGGGGNKLTFGTGTQLKVEL	29	29	0	0	0	0	0
11	1	CACTACGAATTG	GAATAACG	56	('TRAV6', 'TRAJ22')	55	0.982	TGTGCTCTCGGTTCTGGCTGGCAACTGACCTTT	CALGSGWQLTF	False	55	1.0	1	AGCCAAAAGATAGAACAGAATTCCGAGGCCCTGAACATTCAGGAGGGCAAAACGGCCACCCTGACCTGCAACTACACAAACTATTCTCCATCATACTTACAGTGGTACCGACAAGATCCAGGAAGAGGCCCTGTTTTCTTGCTACTCATACGTGAAAATGAGAAAGAAAAATGGAAAGAAAGACTGAAGGTATTCGTCTCGTGGGCTCGGAGATGTGTATAAGAGACAGAGAAAGGATCCCAGCCTGAAGACTCAGCTACCTACCTCTGTGCTCTCGGTTCTGGCTGGCAACTGACCTTTGGATCTGGGACACAATTGACCGTTGTACCTG	0	SQKIEQNSEALNIQEGKTATLTCNYTNYSPSYLQWYRQDPGRGPVFLLLIRENEKEKWKERLKVFVSWARRCV*ETEKGSQPEDSATYLCALGSGWQLTFGSGTQLTVVP	56	56	0	0	0	0	0
12	1	CAGCCCCCCCAG	ATCTTGGA	58	('TRAV25', 'TRAJ52')	58	1.0	TGCGCAGGGCCCGGTGGTACTGGCTATGGAAAGCTGACATTT	CAGPGGTGYGKLTF	True	51	0.879	0	GGACAACAAATAATGCAAATTCCTCAGTACCAGCATGTACAAGAAGGAGAGGACTTCACCACGTACTGCAATTCCTCAACTACTTTAAGCAATATACAGTGGTATAAGCAAAGGCCTGGGGGACATCCCGTTTTTTTGATAATGTTAGTGAAGAGTGGAGAAGTGAAGAAGCAGAAAAGACTGACATTTCAGTCTGGGAGACAGAGAAAGAACAGCTCCCTGCACATCACAGCCACCCAGACTACAGATGTAGGAACCTACTTCTGCGCAGGGCCCGGTGGTACTGGCTATGGAAAGCTGACATTTGGACAAGGGACCATCTTGACTGTCTATCCAA	0	GQQIMQIPQYQHVQEGEDFTTYCNSSTTLSNIQWYKQRPGGHPVFLIMLVKSGEVKKQKRLTFQSGRQRKNSSLHITATQTTDVGTYFCAGPGGTGYGKLTFGQGTILTVYP	58	58	0	0	0	0	0
13	1	CAGTCCTCAGGG	GAACAGAG	9	('TRAV13-1', 'TRAJ23')	9	1.0	TGCGCAGCGAGTATGAGGCAGGAAAGCTTATCTTCGGACAGGGAACCG	CAASMRQESLSSDREP	False	9	1.0	1	GGAGAGAATGTGGAGCAGCATCCTTCAACCCTGAGTGTCCAGGAGGGAGACAGCTCCGTTATCAAGTGTACTTATTCAGACAGTGCCTCAAACTACTTCCCTTGGTATAAGCAAGAACTTGGAAAAGGACCTCAGTTCATTATAGACATTCGTTCAAATGCGCATGAAAAGAAAAACCAAAGAATTACTGTTTACAGAGACAAGACAGCCAAACATTTCTCTCTGCACATCACAGAGACCCAACCGGGAGACTCAGCTGTCTACTTCTGCGCAGCGAGTATGAGGCAGGAAAGCTTATCTTCGGACAGGGAACCGAGTTATCTGTGAAGCCCA	0	GENVEQHPSTLSVQEGDSSVIKCTYSDSASNYFPWYKQELGKGPQFIIDIRSNAHEKKNQRITVYRDKTAKHFSLHITETQPGDSAVYFCAASMRQESLSSDREPSYL*SP	9	9	0	0	0	0	0
14	1	CATAGTATGAGG	ATCGTATC	50	('TRAV9-2', 'TRAJ52')	50	1.0	TGTGCTCTGAGAGGTAATGCTGGTGGTGCTGGCTATGGAAAGCTGACATTT	CALRGNAGGAGYGKLTF	True	49	0.98	0	GGAGATTCAGTGACCCAGATGGAAGGGCCAGTGACTCTCTCAGAAAGGGCCTTCCTGACTATAAACTGCACGTACACAGCCACAGGATATCCTTCCCTTTTCTGGTATGTCCAATATCCTGGAGAAGGTCCACAGCTCCTCCTGAAAGCCGCGAAGACTGATGAGAAGGGAAGCAACAAAGGTTTTGAAGCCACATACCGTAAAGAAACCACTTCTTTCCACTTGAAGAAAGACTCAGTTCAAGAGTCAGATTCAGCTGTGTACTTCTGTGCTCTGAGAGGTAATGCTGGTGGTGCTGGCTATGGAAAGCTGACATTTGGACAAGGGACCATCTTGACTGTCTATCCAA	0	GDSVTQMEGPVTLSERAFLTINCTYTATGYPSLFWYVQYPGEGPQLLLKAAKTDEKGSNKGFEATYRKETTSFHLKKDSVQESDSAVYFCALRGNAGGAGYGKLTFGQGTILTVYP	50	50	0	0	0	0	0
15	1	CATCCTCCGAAT	GACCCCTG	14	('TRAV36', 'TRAJ32')	14	1.0	TGTGCTGTTCTCGTCGGTAGTGGAAACAAGCTCATCTTT	CAVLVGSGNKLIF	True	14	1.0	0	GAAGACAAGGTGATGCAAAACCCTCTATCTCTGGTTGTCCACGAGGGAGACACTGTAACTCTCAACTGCAGTTATGAAGTGGTTAACTTTCGAAGCCTACTATGGTACAAGCAGGAAAAGAAAGCTCCCATATTTCTATTTACGCTAACTTCAAGTGGAATTGAAAAGAAGTCAGGAAGACTAAGTAGCATATTAGACAAGAAAGACCTTTTCAGCATCCTGAACATCACAGCCACCCAGACCAGAGACTCGGCTGTCTACCTCTGTGCTGTTCTCGTCGGTAGTGGAAACAAGCTCATCTTTGGAACTGGCACTCTGCTTGCTGTTCAGCCAA	0	EDKVMQNPLSLVVHEGDTVTLNCSYEVVNFRSLLWYKQEKKAPIFLFTLTSSGIEKKSGRLSSILDKKDLFSILNITATQTRDSAVYLCAVLVGSGNKLIFGTGTLLAVQP	14	14	0	0	0	0	0
16	1	CATCGGGCGTTA	ACAAAGTG	45	('TRAV25', 'TRAJ29')	45	1.0	TGCGCAGGGCGAAATTCAGGAAACAGAGCTCTTGTCTTT	CAGRNSGNRALVF	True	44	0.978	0	GGACAACAAATAATGCAAATTCCTCAGTACCAGCATGTACAAGAAGGAGAGGACTTCACCACGTACTGCAATTCCTCAACTACTTTAAGCAATATACAGTGGTATAAGCAAAGGCCTGGGGGACATCCCGTTTTTTTGATAATGTTAGTGAAGAGTGGAGAAGTGAAGAAGCAGAAAAGACTGACATTTCAGTCTAAGAGACAGAGAAAGAACAGCTCCCTGCACATCACAGCCACCCAGACTACAGATGAAGGAAGCTACTTCTGCGCAGGGCGAAATTCAGGAAACAGAGCTCTTGTCTTTGGAAAGGGCACAAGACTTTCTGTGATTCCAA	0	GQQIMQIPQYQHVQEGEDFTTYCNSSTTLSNIQWYKQRPGGHPVFLIMLVKSGEVKKQKRLTFQSKRQRKNSSLHITATQTTDEGSYFCAGRNSGNRALVFGKGTRLSVIP	45	45	0	0	0	0	0
17	1	CATGGACATACC	CAAGGTTG	5	('TRBV7-7', 'TRBJ1-2')	5	1.0	TGTGCCAGCAGCTTAGGAGTGGGGGTCGACTACACCTTC	CASSLGVGVDYTF	False	5	1.0	1	GGTGCTGGAGTTTCCCAGTCCCCCAGGAACAAGGTCACAGAGGAGGGAAAGGATGTAGTGCTCAGGTGTGATCCAATTTCAGGTCATACCGCCCTTTATTGGTACCGACAGAGCCTGGGGAAGGGCCTGGAGTTTTTAATTTACTTCCAAGGCAACGATGCACCAGACAAATCAGGGCTGCCCAGTGGTCGGTTCTCTGCATTCGTCTCGTGGGCTCGGAGATGTGTATAAGAGACAGAGCATATGGAGCAGGGAGACTCGGCCGTGTATCTCTGTGCCAGCAGCTTAGGAGTGGGGGTCGACTACACCTTCGGTTCAGGGACCAAGTTAACTGTTGTAG	0	GAGVSQSPRNKVTEEGKDVVLRCDPISGHTALYWYRQSLGKGLEFLIYFQGNDAPDKSGLPSGRFSAFVSWARRCV*ETEHMEQGDSAVYLCASSLGVGVDYTFGSGTKLTVV	0	0	0	5	5	0	0
18	1	CCAAACACCGCT	TTATTCAC	7	('TRAV20', 'TRAJ53')	7	1.0	TGCTGTGCAAGAAAGAAAAAGTAGCAACTATAAACTGACATTTGGAAA	CCARKKK*QL*TDIWK	False	5	0.714	3	GAAGACCAGGTGACGCAGAGTCCTGAGGCCCTGAGCCTCCAGGAGGGAGAGAGTAGCAGTCTCAACTGCAGTTACACAGTCAGCGGCTTAAGAGGGCTGTTCTGGTATAGGCAAGATCCTGGGAAAGGCCCTGAATTCCTCTTCAGCCTGTATTCAGCTGGGGAAGAAAAGGAAAAAGAAAGGCTAAAAGCCACATTAACGAAGAAGGAGAGCTTTCTGCACATCACAGGCCCCAAAACCTGAAGACTCAGCCACTTATCTCTGTGCTGTGCAAGAAAGAAAAAGTAGCAACTATAAACTGACATTTGGAAAAGGAACTCTCTTAACTGTGAATCCAA	0	EDQVTQSPEALSLQEGESSSLNCSYTVSGLRGLFWYRQDPGKGPEFLFSLYSAGEEKEKERLKATLTKKESFLHITGPKT*RLSHLSLCCARKKK*QL*TDIWKRNSLNCES	7	7	0	0	0	0	0
19	1	CCACCAACTGGA	TCGGCTGC	15	('TRAV9-2', 'TRAJ22')	15	1.0	TGTGCTCTGAGTGGCGGGTTC	CALSGGF	True	14	0.933	0	GGAGATTCAGTGACCCAGATGGAAGGGCCAGTGACTCTCTCAGAAAGGGCCTTCCTGACTATAAACTGCACGTACACAGCCACAGGATATCCTTCCCTTTTCTGGTATGTCCAATATCCTGGAGAAGGTCCACAGCTCCTCCTGAAAGCCGCGAAGACTGATGAGAAGGGAAGCAACAAAGGTTTTGAAGCCACATACCGTAAAGAAACCACTTCTTTCCACTTGAAGAAAGACTCAGTTCAAGAGTCAGATTCAGCTGTGTACTTCTGTGCTCTGAGTGGCGGGTTCTGGCTGGCAACTGACCTTTGGATCTGGGACACAATTGACCGTTGTACCTG	0	GDSVTQMEGPVTLSERAFLTINCTYTATGYPSLFWYVQYPGEGPQLLLKAAKTDEKGSNKGFEATYRKETTSFHLKKDSVQESDSAVYFCALSGGFWLATDLWIWDTIDRCT	15	15	0	0	0	0	0
20	1	CCACGGTAAGAG	ATGCGCAT	14	('TRAV27', 'TRAJ21')	14	1.0	TGTGCAGGAGCGAGGAACTTCAACAAATTTTACTTT	CAGARNFNKFYF	True	14	1.0	0	ACCCAGCAGCTGGAGCAGAGTCCTCGGTTTCTAAGCATCCAAGAGGGAGAAAATTTCACTGCGTACTGCAACTCCTCAAGTGTTTTTACCAGCTTACAATGGTACAGACAGGACCCTGGGGAAGGTCCTGTCCTCTTGGTGACACTAGTTACGCGTGGAGAAATGAAGAAGCAGAAGAGACTAACCTTTCAGTATAAGAGACAGAGAAAGAACAGCTCCCTGCACATCACTGCGACCCAGCCTGGTGATACAGGCCTCTACCTCTGTGCAGGAGCGAGGAACTTCAACAAATTTTACTTTGGATCTGGGACCAAACTCAATGTAAAACCAA	0	TQQLEQSPRFLSIQEGENFTAYCNSSSVFTSLQWYRQDPGEGPVLLVTLVTRGEMKKQKRLTFQYKRQRKNSSLHITATQPGDTGLYLCAGARNFNKFYFGSGTKLNVKP	14	14	0	0	0	0	0
21	1	CCACGGTGGATA	ATTATTGG	17	('TRAV22-1', 'TRAJ39')	17	1.0	TGTGCTGTGAGCAATGCAGGCAACGTGCTCACATTT	CAVSNAGNVLTF	False	17	1.0	1	GGAATTCAAGTGGAGCAGAGTCCTCCAGACCTGATTCTCCAGGAGGGAGCCAATTCTACGCTGCGGTGCAATTATTCTGCCACTGCGAACAATTTGCAGTGGTTTCACCAAAACCCTTGGGGACAGCTCATCAACCTGTTTTACATCCCCTCAGGGACAAAACAGAATGGAAGATTAAGCGCCACGTGGGCTCGGAGATGTGTATAAGAGACAGAGCACATTTCCTCCTCCCAGACCACAGACTCAGGCATTTATTTCTGTGCTGTGAGCAATGCAGGCAACGTGCTCACATTTGGAGGGGGAACAAGGTTAATGGTCAAACCCC	0	GIQVEQSPPDLILQEGANSTLRCNYSATANNLQWFHQNPWGQLINLFYIPSGTKQNGRLSATWARRCV*ETEHISSSQTTDSGIYFCAVSNAGNVLTFGGGTRLMVKP	17	17	0	0	0	0	0
22	1	CCAGCCCCTCAA	GGAAGCGC	13	('TRAV20', 'TRAJ11')	13	1.0	TGTGCTGTGCAAGCATGGGGATACAGCACACTCACCTTT	CAVQAWGYSTLTF	False	13	1.0	1	GAAGACCAGGTGACGCAGAGTCCTGAGGCCCTGAGCCTCCAGGAGGGAGAGAGTAGCAGTCTCAACTGCAGTTACACAGTCAGCGGCTTAAGAGGGCTGTTCTGGTATAGGCAAGATCCTGGGAAAGGCCCTGAATTCCTCTTCAGCCTGTATTCAGCTGGGGAAGAAAAGGAAAAAGAAAGGCTAAAAGCCGCGTGGGCTCGGAGATGTGTATAAGAGACAGAGAAAGGATCCCAGCCTGAAGACTCAGCCACTTATCTCTGTGCTGTGCAAGCATGGGGATACAGCACACTCACCTTTGGGAAGGGGACAATGCTTCTAGTCTTTCCAG	0	EDQVTQSPEALSLQEGESSSLNCSYTVSGLRGLFWYRQDPGKGPEFLFSLYSAGEEKEKERLKAAWARRCV*ETEKGSQPEDSATYLCAVQAWGYSTLTFGKGTMLLVFP	13	13	0	0	0	0	0
23	1	CCAGCCGGTCCG	GTAGCCAC	140	('TRAV1-1', 'TRAJ34')	95	0.679	TGTGCTGTGAGAGATTACCCCTCCAACAAGCTCATCTTT	CAVRDYPSNKLIF	True	95	1.0	0	GGACAAAGCCTTGAGCAGCCCTCTGAAGTGACAGCTGTGGAAGGAGCCATTGTCCAGATAAACTGCACGTACCAGACATCTAGGTTTGATGGGCTGTCTTGGTACCAGCAACATGATGGCGGAGCACTCACATTTCTTTCTTACAATGCTCTGGATGGTTTGGAGGAGAGAGGTCATTTTTCTTCATTCCTTCGTCTCGTGGGCTCGGAGATGTGTATAAGAGACAGAGAGCTCCAGATGAAAGACTCTGCCTCTTATTTCTGTGCTGTGAGAGATTACCCCTCCAACAAGCTCATCTTTGGGACTGGGACCAGATTACAAGTCTTTCCAA	0	GQSLEQPSEVTAVEGAIVQINCTYQTSRFDGLSWYQQHDGGALTFLSYNALDGLEERGHFSSFLRLVGSEMCIRDRELQMKDSASYFCAVRDYPSNKLIFGTGTRLQVFP	140	140	0	0	0	0	2
24	1	CCCCCCCATCGA	TAACTCAT	8	('TRAV20', 'TRAJ29')	8	1.0	TGTGCTGTGCCAGGGAATTCAGGAAACAGAGCTCTTGTCTTT	CAVPGNSGNRALVF	False	8	1.0	1	GAAGACCAGGTGACGCAGAGTCCTGAGGCCCTGAGCCTCCAGGAGGGAGAGAGTAGCAGTCTCAACTGCAGTTACACAGTCAGCGGCTTAAGAGGGCTGTTCTGGTATAGGCAAGATCCTGGGAAAGGCCCTGAATTCCTCTTCAGCCTGTATTCAGCTGGGGAAGAAAAGGAAAAAGAAAGGCTAAAAGCCACGTGGGCTCGGAGATGTGTATAAGAGACAGAGAAAGGATCCCAGCCTGAAGACTCAGCCACTTATCTCTGTGCTGTGCCAGGGAATTCAGGAAACAGAGCTCTTGTCTTTGGAAAGGGCACAAGACTTTCTGTGATTCCAA	0	EDQVTQSPEALSLQEGESSSLNCSYTVSGLRGLFWYRQDPGKGPEFLFSLYSAGEEKEKERLKATWARRCV*ETEKGSQPEDSATYLCAVPGNSGNRALVFGKGTRLSVIP	8	8	0	0	0	0	0
25	1	CCCCCCCCATGG	AGCGCCTC	8	('TRBV4-?', 'TRBJ2-1')	8	1.0	TGCGCCAGCAGCCAAGATCTACAGTCATACAATGAGCAGTTCTTT	CASSQDLQSYNEQFF	True	8	1.0	0	GACAGTGGAGTTACCCAAACACCAAAGCACCTGGTCATGGGAATGACAAACAAGAAGTCTTTGAAATGTGAACAACATATGGGACACAGGGCTGTGTACTGGTACAAGCAGAAAGTTAAGAAGCCGCCGGAGATCATGTTTATGTACAACTATGAGAAACTTTCTATTAATGAAAGTGTGCCCAGTCGCTTCTCACCTGAATGCGTGGGCTCGGAGATGTGTATAAGAGACAGAGAAAGGATCCAGCCTGAAGACTCAGCCCTGTATCTCTGCGCCAGCAGCCAAGATCTACAGTCATACAATGAGCAGTTCTTTGGGCCAGGCACACGGCTCACCGTGCTAG	0	DSGVTQTPKHLVMGMTNKKSLKCEQHMGHRAVYWYKQKVKKPPEIMFMYNYEKLSINESVPSRFSPECVGSEMCIRDRERIQPEDSALYLCASSQDLQSYNEQFFGPGTRLTVL	0	0	0	8	8	0	0
26	1	CCCCCCGCCTCC	ATGGTGCC	18	('TRBV4-3', 'TRBJ1-1')	18	1.0	TGCGCCAGCAGCCAAAACACAGGGGCGGAGACTGAAGCTTTCTTT	CASSQNTGAETEAFF	False	18	1.0	1	GAAACTGGAGTTACGCAGACACCAAGACACCTGGTCATGGGAATGACAAATAAGAAGTCTTTGAAATGTGAACAACATCTGGGGCACAATGCTATGTACTGGTACAAGCAGAAAGCTAAGAAGCCACCGGAGCTCATGTTTATCTACAACTTTAAAGAACGGGCTGAAAACAACAGCGTGCCCAGTCGCTTCTCACCTGAATGGTGGGCTCGGAGATGTGTATAAGAGACAGAGAAAGGATCCCAGCCTGAAGACTCAGCCCTGTATCTCTGCGCCAGCAGCCAAAACACAGGGGCGGAGACTGAAGCTTTCTTTGGACAAGGCACCAGACTCACAGTTGTAG	0	ETGVTQTPRHLVMGMTNKKSLKCEQHLGHNAMYWYKQKAKKPPELMFIYNFKERAENNSVPSRFSPEWWARRCV*ETEKGSQPEDSALYLCASSQNTGAETEAFFGQGTRLTVV	0	0	0	18	18	0	0
27	1	CCCCCGTAGCAT	CGGCGGAG	26	('TRAV38-2', 'TRAJ34')	26	1.0	TGTGCTTACTATAACGCCAACAAGCTCATCTTT	CAYYNANKLIF	False	26	1.0	1	GCCCAGACAGTCACTCAGTCTCAACCAGAGATGTCTGTGCAGGAGGCAGAGACCGTGACCCTGAGCTGCACATACGACACCAGTGACAGTGATTATTATTTGTTCTGGTACAAGCAGCCTCCCAGCAGGCAGATGATTCTCATTATTCGCCAAGAAGCTTATAAGCAACAGAATGCAACAGAGAATCGTTTCTCTGTATGTGTATAAGAGACAGAGAAATCCTTCAGTCTCAAGATCTCAGACTCACAGCTGGGGGACGCCGCGATGTATTTCTGTGCTTACTATAACGCCAACAAGCTCATCTTTGGGACTGGGACCAGATTACAAGTCTTTCCAA	0	AQTVTQSQPEMSVQEAETVTLSCTYDTSDSDYYLFWYKQPPSRQMILIIRQEAYKQQNATENRFSVCV*ETEKSFSLKISDSQLGDAAMYFCAYYNANKLIFGTGTRLQVFP	26	26	0	0	0	0	0
28	1	CCGCCGGGTCAC	AGATCCCC	8	('TRAV25', 'TRAJ39')	8	1.0	TGCGCAGGGCCGGAGTATAATAATGCAGGCAATGTGCTCACATTT	CAGPEYNNAGNVLTF	True	8	1.0	0	GGACAACAAATAATGCAAATTCCTCAGTACCAGCATGTACAAGAAGGAGAGGACTTCACCACGTACTGCAATTCCTCAACTACTTTAAGCAATATACAGTGGTATAAGCAAAGGCCTGGGGGACATCCCGTTTTTTTGATAATGTTAGTGAAGAGTGGAGAAGTGAAGAAGCAGAAAAGACTGACATTTCAGTCTGGAGAACAGAGAAAGAACAGCTCCCTGCACATCACAGCCACCCAGACTACAGATGTAGGAACCTACTTCTGCGCAGGGCCGGAGTATAATAATGCAGGCAATGTGCTCACATTTGGAGGGGGAACAAGGTTAATGGTCAAACCCC	0	GQQIMQIPQYQHVQEGEDFTTYCNSSTTLSNIQWYKQRPGGHPVFLIMLVKSGEVKKQKRLTFQSGEQRKNSSLHITATQTTDVGTYFCAGPEYNNAGNVLTFGGGTRLMVKP	8	8	0	0	0	0	0
29	1	CCGCTCCCGTTC	TTAGTGAC	23	('TRAV29', 'TRAJ49')	23	1.0	TGTGCAGCAGGCGGTAACCAGTTGTATTTT	CAAGGNQLYF	True	22	0.957	0	GACCAGCAAGTTAAGCAAAAACCACCATCCCTGAGTGTCCAGGAAGGAGGAATTTCTATTCTGAACTGTGACTATACTAACAGCATGTTTGATTATTTCGTATGGTACAAAAAATACCCTGCTGAAGGTCCTACATTCCTGATATCTATACGTTCCGTTAAGGATAAAAATGAAGAGGGAAGATTCACAGTCTTCTTAAACAAAAGTGCCAAGCACCTCTCTCTGCACATTGGGGCCTCCCAGCCTGGAGACTCTGCAGTGTACCTCTGTGCAGCAGGCGGTAACCAGTTGTATTTTGGGACAGGGACAAGTTTGACAGTCATTCCAA	0	DQQVKQKPPSLSVQEGGISILNCDYTNSMFDYFVWYKKYPAEGPTFLISIRSVKDKNEEGRFTVFLNKSAKHLSLHIGASQPGDSAVYLCAAGGNQLYFGTGTSLTVIP	23	23	0	0	0	0	0
30	1	CCTTCCTCCGAG	AGCGAGGT	9	('TRAV8-5', 'TRAJ49')	9	1.0	TGTGCTGTGAGTGAAACCGCCGGTAACCAGTTGTATTTT	CAVSETAGNQLYF	True	9	1.0	0	GCCCAGTCTGTGACCCAGCTTGACAGCCAAGTCCCTGTCTTTGAAGAAGCCCCTGTGCTGCTGAGGTGCAACTACTCATCATCGTCTGTTTCAGTGTATCTCTTCTGGTATGTGCAATACCCCAACCAAGGACTCCGGCTTCTCCTGAAGTATTTATCAGGACCCACCCTGGTTAAAGGCATCAATGGTTTTGAGGCTGAATTTAAGAAGAGTGAAACTTCCTTCCATTTGAGGAAACCCTCAGCCCATATAAGCGACACGGCTGAGTACTTCTGTGCTGTGAGTGAAACCGCCGGTAACCAGTTGTATTTTGGGACAGGGACAAGTTTGACAGTCATTCCAA	0	AQSVTQLDSQVPVFEEAPVLLRCNYSSSSVSVYLFWYVQYPNQGLRLLLKYLSGPTLVKGINGFEAEFKKSETSFHLRKPSAHISDTAEYFCAVSETAGNQLYFGTGTSLTVIP	9	9	0	0	0	0	0
31	1	CCTTTTTTACAG	AGAAGGTC	97	('TRAV25', 'TRAJ35')	97	1.0	TGCGCGGATACCATGGCGGCTTTGGGAATGTGTTGCATTTCGGGTCCG	CADTMAALGMCCISGP	False	90	0.928	1	GGACAACAAATAATGCAAATTCCTCAGTACCAGCATGTACAAGAAGGAGAGGACTTCACCACGTACTGCAATTCCTCAACTACTTTAAGCAATATACAGTGGTATAAGCAAAGGCCTGGGGGACATCCCGTTTTTTTGATAATGTTAGTGAAGAGTGGAGAAGTGAAGAAGCAGAAAAGACTGACATTTCAGTCTGAGAGACAGAGAAAGAACAGCTCCCTGCACATCACAGCCACCCAGACTACAGATGTAGGAACCTACTTCTGCGCGGATACCATGGCGGCTTTGGGAATGTGTTGCATTTCGGGTCCGGCACTCAAGTGATTGTTTTACCAC	0	GQQIMQIPQYQHVQEGEDFTTYCNSSTTLSNIQWYKQRPGGHPVFLIMLVKSGEVKKQKRLTFQSERQRKNSSLHITATQTTDVGTYFCADTMAALGMCCISGPALK*LFYH	97	97	0	0	0	0	0
32	1	CGCCAACGTTTC	TCTTCGTA	7	('TRAV26-1', 'TRAJ31')	7	1.0	TGCATCGTGAGAGTTCGAAATAACAATGACAGAGTCATCTTT	CIVRVRNNNDRVIF	True	7	1.0	0	GATGCTAAGACCACTCAGCCCACCTCCATGGATTGCGCTGAAGGAAGAGCTGCAAACTTGCCTTGTAATCACTCTACCATCAGTGGAAGTGAGTACATACATTGGTATCGACAGATTCACTCCCAGGGGCCACAGTATGTCATTCATGGTCTAAAAAACAATGAGACCAATGCAATGGCCTCTCTGATCATCACAGAAGACAGAAAGTCCAGCACCTTGATCCTGCCCCACGCGACGCTGGGAGACACTGCTGTATACTATTGCATCGTGAGAGTTCGAAATAACAATGACAGAGTCATCTTTGGAGATGGAACTCAGCTGGTGGTGAAGCCCA	0	DAKTTQPTSMDCAEGRAANLPCNHSTISGSEYIHWYRQIHSQGPQYVIHGLKNNETNAMASLIITEDRKSSTLILPHATLGDTAVYYCIVRVRNNNDRVIFGDGTQLVVKP	7	7	0	0	0	0	0
33	1	CGCCACAGAGAG	CAAGAACG	137	('TRAV12-3', 'TRAJ28')	137	1.0	TGTGCAATGAGCACATACTCTGGGGCTGGGAGTTACCAACTCACTTTC	CAMSTYSGAGSYQLTF	True	129	0.942	0	CAGAAGGAGGTGGAGCAGAATCCTGGACCCCTCAGTGTTCCAGAGGGAGCCACTGCCTCTCTCAACTGCACTTACAGCAACAGTGCTTTTCAATACTTCATGTGGTACAGACAGTATTCCAGAAAAGGCCCTCAGTTGCTGATTTACATATACTCCAGTGGTAACAAAGAAGATGGAAGGTTTACAGCACAGGTCGATAAATCCAGCAAGTATATTTCCTTGTTCATCAGAGACTCACAGCCCAGTGATTCAGCCACCTACTTCTGTGCAATGAGCACATACTCTGGGGCTGGGAGTTACCAACTCACTTTCGGGAAGGGGACCAAACTCTCGGTCATACCAA	0	QKEVEQNPGPLSVPEGATASLNCTYSNSAFQYFMWYRQYSRKGPQLLIYIYSSGNKEDGRFTAQVDKSSKYISLFIRDSQPSDSATYFCAMSTYSGAGSYQLTFGKGTKLSVIP	137	137	0	0	0	0	0
34	1	CGCCCCCCTAAG	AGATGAAC	31	('TRAV29', 'TRAJ49')	31	1.0	TGTGCAGCAGGCGGTAACCAGTTGTATTTT	CAAGGNQLYF	True	31	1.0	0	GACCAGCAAGTTAAGCAAAAACCACCATCCCTGAGTGTCCAGGAAGGAGGAATTTCTATTCTGAACTGTGACTATACTAACAGCATGTTTGATTATTTCGTATGGTACAAAAAATACCCTGCTGAAGGTCCTACATTCCTGATATCTATACGTTCCGTTAAGGATAAAAATGAAGAGGGAAGATTCACAGTCTTCTTAAACAAAAGTGCCAAGCACCTCTCTCTGCACATTGGGGCCTCCCAGCCTGGAGACTCTGCAGTGTACCTCTGTGCAGCAGGCGGTAACCAGTTGTATTTTGGGACAGGGACAAGTTTGACAGTCATTCCAA	0	DQQVKQKPPSLSVQEGGISILNCDYTNSMFDYFVWYKKYPAEGPTFLISIRSVKDKNEEGRFTVFLNKSAKHLSLHIGASQPGDSAVYLCAAGGNQLYFGTGTSLTVIP	31	31	0	0	0	0	0
35	1	CGGCGGTGCCAG	ATCTTGGA	139	('TRAV25', 'TRAJ52')	139	1.0	TGCGCAGGGCCCGGTGGTACTGGCTATGGAAAGCTGACATTT	CAGPGGTGYGKLTF	True	137	0.986	0	GGACAACAAATAATGCAAATTCCTCAGTACCAGCATGTACAAGAAGGAGAGGACTTCACCACGTACTGCAATTCCTCAACTACTTTAAGCAATATACAGTGGTATAAGCAAAGGCCTGGGGGACATCCCGTTTTTTTGATAATGTTAGTGAAGAGTGGAGAAGTGAAGAAGCAGAAAAGACTGACATTTCAGTCTGGGAGACAGAGAAAGAACAGCTCCCTGCACATCACAGCCACCCAGACTACAGATGTAGGAACCTACTTCTGCGCAGGGCCCGGTGGTACTGGCTATGGAAAGCTGACATTTGGACAAGGGACCATCTTGACTGTCTATCCAA	0	GQQIMQIPQYQHVQEGEDFTTYCNSSTTLSNIQWYKQRPGGHPVFLIMLVKSGEVKKQKRLTFQSGRQRKNSSLHITATQTTDVGTYFCAGPGGTGYGKLTFGQGTILTVYP	139	139	0	0	0	0	0
36	1	CGTCGACCATAA	GTGAGACC	23	('TRAV14-2', 'TRAJ21')	23	1.0	TGTGCAATGAGAGACTTCAACAAATTTTACTTT	CAMRDFNKFYF	False	23	1.0	2	GCCCAGAAGATAACTCAAACCCAACCAGCAATGTTCGTGCAGGAAAAGGAGGCTGTGACTCTGGACTGCACATATGACACCAGTGATCAAAATTACGGTCTATTCTGGTACAAGCAACCCAGCAGTGGAGAGATGATTTTTCTTATTCTTCAGATGTCTTATGACAAGCAAAATGCAACAGAAGGACGCTACTCATTACGGCATACGAGATAGCAATTCGTCTCGTGGGCTCGGAGATGTGTATAAGAGACAGAGGACTCAGCAACGTATTTCTGTGCAATGAGAGACTTCAACAAATTTTACTTTGGATCTGGGACCAAACTCAATGTAAAACCAA	0	AQKITQTQPAMFVQEKEAVTLDCTYDTSDQNYGLFWYKQPSSGEMIFLILQMSYDKQNATEGRYSLRHTR*QFVSWARRCV*ETEDSATYFCAMRDFNKFYFGSGTKLNVKP	23	23	0	0	0	0	0
37	1	CGTGCTACCATC	TGACCACG	7	('TRAV26-2', 'TRAJ12')	7	1.0	TGCATCGTGAGAGTGCGCACTATGGATGGCGGCTATAAATTGATCTTT	CIVRVRTMDGGYKLIF	True	7	1.0	0	GATGCTAAGACCACTCAGCCCACCTCCATGGATTGTGCTGAAGGAAGAGCTGCAAACTTGCCTTGTAATCACTCTACCATCAGTGCAAATACCATCAGTGCAAATGAGTACATACATTGGTATCGACAGTTTCACTCCCAGGGGCCACAGTATGTCATTCATGGTCTAAAAAACAATGAGACCAATGCAATGGCCTCTCTGATCATCACAGAAGACAGAAAGTCCAGCACCTTGATCCTGCCCCACGCGACGCTGAGAGACACTGCTGTGTACTATTGCATCGTGAGAGTGCGCACTATGGATGGCGGCTATAAATTGATCTTTGGGAGTGGGACCAGACTCCTGGTCAGGCCTG	0	DAKTTQPTSMDCAEGRAANLPCNHSTISANTISANEYIHWYRQFHSQGPQYVIHGLKNNETNAMASLIITEDRKSSTLILPHATLRDTAVYYCIVRVRTMDGGYKLIFGSGTRLLVRP	7	7	0	0	0	0	0
38	1	CTAATTCTTCCT	CTAGTTGA	63	('TRAV38-?', 'TRAJ43')	63	1.0	TGTGCGGTGGGCAATAACAATGACATGCGCTTT	CAVGNNNDMRF	False	63	1.0	1	GCCCAGACAGTCACTCAGTCTCAACAAGAGATGTCTGTGCAGGAGGCAGAGACCGTGATCCTGAGCTGCACATATGACACCAGTGAGAGTAATTATTATTTGTTCTGGTACAAGCAGCCTCCCAGCAGGCAGATGATTCTCATTATTCGCCAAGAAGCTTATAAGCAACAGAATGCAACGGAGAACCGCTTCTCTGTATGTGTATAAGAGACAGAGAAATCCTTCAGTCTCAAGATCTCAGACTCACAGCTGGGGGACGCCGCGATGTATTTCTGTGCGGTGGGCAATAACAATGACATGCGCTTTGGAGCAGGGACCAGACTGACAGTAAAACCAA	0	AQTVTQSQQEMSVQEAETVILSCTYDTSESNYYLFWYKQPPSRQMILIIRQEAYKQQNATENRFSVCV*ETEKSFSLKISDSQLGDAAMYFCAVGNNNDMRFGAGTRLTVKP	63	63	0	0	0	0	0
39	1	CTCATTCCCACC	CTTTACCC	44	('TRAV25', 'TRAJ5')	44	1.0	TGCGCAGGGGAAGTGGCGGGCAGGAGAGCACTTACTTTT	CAGEVAGRRALTF	True	42	0.955	0	GGACAACAAATAATGCAAATTCCTCAGTACCAGCATGTACAAGAAGGAGAGGACTTCACCACGTACTGCAATTCCTCAACTACTTTAAGCAATATACAGTGGTATAAGCAAAGGCCTGGGGGACATCCCGTTTTTTTGATAATGTTAGTGAAGAGTGGAGAAGTGAAGAAGCAGAAAAGACTGACATTTCAGTCTGGAGTAGCAAAAAAGAACAGCTCCCTGCACATCACAGCCACCCAGACTACAGATGTAGGAACCTACTTCTGCGCAGGGGAAGTGGCGGGCAGGAGAGCACTTACTTTTGGGAGTGGAACAAGACTCCAAGTGCAACCAA	0	GQQIMQIPQYQHVQEGEDFTTYCNSSTTLSNIQWYKQRPGGHPVFLIMLVKSGEVKKQKRLTFQSGVAKKNSSLHITATQTTDVGTYFCAGEVAGRRALTFGSGTRLQVQP	44	44	0	0	0	0	0
40	1	CTCGTCCGTTTA	ACCAATAG	47	('TRAV12-1', 'TRAJ42')	47	1.0	TGTGCAGTGCGTAAGATCGTGAATTATGGAGGAAGCCAAGGAAATCTCATCTTT	CAVRKIVNYGGSQGNLIF	True	47	1.0	0	CAGAAGGAGGTGGAGCAGGATCCTGGACCCTTCAGTGTTCCAGAGGGAGCCACTGTCACTTTCAACTGCACTTACAGCAACAGTGCTTCCCAGTCTTTCTTCTGGTACAGACAGGATTCCAGGAAAGAACCTAAGTTGCTGATGTCTGTATACTCCAGTGGTAACGAAGATGGAAGGTTTACAGCACAGCTCAATAGAGCCAGCCAGTATATTTCCCTGCTCATCAGAGACTCCCAGCTCAGTGATTCAGCCACCTACCTCTGTGCAGTGCGTAAGATCGTGAATTATGGAGGAAGCCAAGGAAATCTCATCTTTGGAAAAGGCACTAAACTCTCTGTTAAACCAA	0	QKEVEQDPGPFSVPEGATVTFNCTYSNSASQSFFWYRQDSRKEPKLLMSVYSSGNEDGRFTAQLNRASQYISLLIRDSQLSDSATYLCAVRKIVNYGGSQGNLIFGKGTKLSVKP	47	47	0	0	0	0	0
41	1	GACAGGAAGGCG	ACTGCGTT	6	('TRAV22-1', 'TRAJ45')	6	1.0	TGTGCTGTGGATGGGGGAGGAAGTGCTGACAGACTCACCTTT	CAVDGGGSADRLTF	True	5	0.833	0	GGAATTCAAGTGGAGCAGAGTCCTCCAGACCTGATTCTCCAGGAGGGAGCCAATTCTACGCTGCGGTGCAATTATTCTGCCACTGCGAACAATTTGCAGTGGTTTCACCAAAACCCTTGGGGACAGCTCATCAACCTGTTTTACATCCCCTCAGGGACAAAACAGAATGGAAGATTAAGCGCCACGACTGTCACTAAGGAACGCTACAGCTTTTTGCACATTTCCTCTTCCCAGACCACAGACTCAGGCATTTATTTCTGTGCTGTGGATGGGGGAGGAAGTGCTGACAGACTCACCTTTGGCAAAGGGACTCGTCTAATCGTCCAGCCCT	0	GIQVEQSPPDLILQEGANSTLRCNYSATANNLQWFHQNPWGQLINLFYIPSGTKQNGRLSATTVTKERYSFLHISSSQTTDSGIYFCAVDGGGSADRLTFGKGTRLIVQP	6	6	0	0	0	0	0
42	1	GACAGGAGAGCG	ACTGCGTT	12	('TRAV22-1', 'TRAJ45')	12	1.0	TGTGCTGTGGATGGGGGAGGAAGTGCTGACAGACTCACCTTT	CAVDGGGSADRLTF	False	12	1.0	1	GGAATTCAAGTGGAGCAGAGTCCTCCAGACCTGATTCTCCAGGAGGGAGCCAATTCTACGCTGCGGTGCAATTATTCTGCCACTGCGAACAATTTGCAGTGGTTTCACCAAAACCCTTGGGGACAGCTCATCAACCTGTTTTACATCCCCTCAGGGACAAAACAGAATGGAAGATTAAGCGCCACGACTGTTCGGAGATGTGTATAAGAGACAGAGCACATTTCCTCCTCCCAGACCACAGACTCAGGCATTTATTTCTGTGCTGTGGATGGGGGAGGAAGTGCTGACAGACTCACCTTTGGCAAAGGGACTCGTCTAATCGTCCAGCCCT	0	GIQVEQSPPDLILQEGANSTLRCNYSATANNLQWFHQNPWGQLINLFYIPSGTKQNGRLSATTVRRCV*ETEHISSSQTTDSGIYFCAVDGGGSADRLTFGKGTRLIVQP	12	12	0	0	0	0	0
43	1	GACAGGAGGACG	ACTGCGTT	6	('TRAV22-1', 'TRAJ45')	6	1.0	TGTGCTGTGGATGGGGGAGGAAGTGCTGACAGACTCACCTTT	CAVDGGGSADRLTF	False	6	1.0	1	GGAATTCAAGTGGAGCAGAGTCCTCCAGACCTGATTCTCCAGGAGGGAGCCAATTCTACGCTGCGGTGCAATTATTCTGCCACTGCGAACAATTTGCAGTGGTTTCACCAAAACCCTTGGGGACAGCTCATCAACCTGTTTTACATCCCCTCAGGGACAAAACAGAATGGAAGATTAAGCGCCACGACTGTTCGGAGATGTGTATAAGAGACAGAGCACATTTCCTCCTCCCAGACCACAGACTCAGGCATTTATTTCTGTGCTGTGGATGGGGGAGGAAGTGCTGACAGACTCACCTTTGGCAAAGGGACTCGTCTAATCGTCCAGCCCT	0	GIQVEQSPPDLILQEGANSTLRCNYSATANNLQWFHQNPWGQLINLFYIPSGTKQNGRLSATTVRRCV*ETEHISSSQTTDSGIYFCAVDGGGSADRLTFGKGTRLIVQP	6	6	0	0	0	0	0
44	1	GACAGGAGGGAG	ACTGCGTT	7	('TRAV22-1', 'TRAJ45')	7	1.0	TGTGCTGTGGATGGGGGAGGAAGTGCTGACAGACTCACCTTT	CAVDGGGSADRLTF	False	7	1.0	1	GGAATTCAAGTGGAGCAGAGTCCTCCAGACCTGATTCTCCAGGAGGGAGCCAATTCTACGCTGCGGTGCAATTATTCTGCCACTGCGAACAATTTGCAGTGGTTTCACCAAAACCCTTGGGGACAGCTCATCAACCTGTTTTACATCCCCTCAGGGACAAAACAGAATGGAAGATTAAGCGCCACGACTGTTCGGAGATGTGTATAAGAGACAGAGCACATTTCCTCCTCCCAGACCACAGACTCAGGCATTTATTTCTGTGCTGTGGATGGGGGAGGAAGTGCTGACAGACTCACCTTTGGCAAAGGGACTCGTCTAATCGTCCAGCCCT	0	GIQVEQSPPDLILQEGANSTLRCNYSATANNLQWFHQNPWGQLINLFYIPSGTKQNGRLSATTVRRCV*ETEHISSSQTTDSGIYFCAVDGGGSADRLTFGKGTRLIVQP	7	7	0	0	0	0	0
45	1	GACAGGAGGGCA	ACTGCGTT	7	('TRAV22-1', 'TRAJ45')	7	1.0	TGTGCTGTGGATGGGGGAGGAAGTGCTGACAGACTCACCTTT	CAVDGGGSADRLTF	False	7	1.0	1	GGAATTCAAGTGGAGCAGAGTCCTCCAGACCTGATTCTCCAGGAGGGAGCCAATTCTACGCTGCGGTGCAATTATTCTGCCACTGCGAACAATTTGCAGTGGTTTCACCAAAACCCTTGGGGACAGCTCATCAACCTGTTTTACATCCCCTCAGGGACAAAACAGAATGGAAGATTAAGCGCCACGACTGTTCGGAGATGTGTATAAGAGACAGAGCACATTTCCTCCTCCCAGACCACAGACTCAGGCATTTATTTCTGTGCTGTGGATGGGGGAGGAAGTGCTGACAGACTCACCTTTGGCAAAGGGACTCGTCTAATCATCCAGCCCT	0	GIQVEQSPPDLILQEGANSTLRCNYSATANNLQWFHQNPWGQLINLFYIPSGTKQNGRLSATTVRRCV*ETEHISSSQTTDSGIYFCAVDGGGSADRLTFGKGTRLIIQP	7	7	0	0	0	0	0
46	1	GACAGGAGGGCG	AATGCGTT	5	('TRAV22-1', 'TRAJ45')	5	1.0	TGTGCTGTGGATGGGGGAGGAAGTGCTGACAGACTCACCTTT	CAVDGGGSADRLTF	False	5	1.0	1	GGAATTCAAGTGGAGCAGAGTCCTCCAGACCTGATTCTCCAGGAGGGAGCCAATTCTACGCTGCGGTGCAATTATTCTGCCACTGCGAACAATTTGCAGTGGTTTCACCAAAACCCTTGGGGACAGCTCATCAACCTGTTTTACATCCCCTCAGGGACAAAACAGAATGGAAGATTAAGCGCCACGACTGTTCGGAGATGTGTATAAGAGACAGAGCACATTTCCTCCTCCCAGACCACAGACTCAGGCATTTATTTCTGTGCTGTGGATGGGGGAGGAAGTGCTGACAGACTCACCTTTGGCAAAGGGACTCGTCTAATCGTCCAGCCCT	0	GIQVEQSPPDLILQEGANSTLRCNYSATANNLQWFHQNPWGQLINLFYIPSGTKQNGRLSATTVRRCV*ETEHISSSQTTDSGIYFCAVDGGGSADRLTFGKGTRLIVQP	5	5	0	0	0	0	0
46	2	GACAGGAGGGCG	ACCGCGTT	5	('TRAV22-1', 'TRAJ45')	5	1.0	TGTGCTGTGGATGGGGGAGGAAGTGCTGACAGACTCACCTTT	CAVDGGGSADRLTF	True	5	1.0	0	GGAATTCAAGTGGAGCAGAGTCCTCCAGACCTGATTCTCCAGGAGGGAGCCAATTCTACGCTGCGGTGCAATTATTCTGCCACTGCGAACAATTTGCAGTGGTTTCACCAAAACCCTTGGGGACAGCTCATCAACCTGTTTTACATCCCCTCAGGGACAAAACAGAATGGAAGATTAAGCGCCACGACTGTCGGAGATGTGTATAAGAGACAGGAGCACATTTCCTCCTCCCAGACCACAGACTCAGGCATTTATTTCTGTGCTGTGGATGGGGGAGGAAGTGCTGACAGACTCACCTTTGGCAAAGGGACTCGTCTAATCGTCCAGCCCT	0	GIQVEQSPPDLILQEGANSTLRCNYSATANNLQWFHQNPWGQLINLFYIPSGTKQNGRLSATTVGDVYKRQEHISSSQTTDSGIYFCAVDGGGSADRLTFGKGTRLIVQP	5	5	0	0	0	0	0
46	3	GACAGGAGGGCG	ACGGCGTT	7	('TRAV22-1', 'TRAJ45')	7	1.0	TGTGCTGTGGATGGGGGAGGAAGTGCTGACAGACTCACCTTT	CAVDGGGSADRLTF	False	7	1.0	1	GGAATTCAAGTGGAGCAGAGTCCTCCAGACCTGATTCTCCAGGAGGGAGCCAATTCTACGCTGCGGTGCAATTATTCTGCCACTGCGAACAATTTGCAGTGGTTTCACCAAAACCCTTGGGGACAGCTCATCAACCTGTTTTACATCCCCTCAGGGACAAAACAGAATGGAAGATTAAGCGCCACGACTGTTCGGAGATGTGTATAAGAGACAGAGCACATTTCCTCCTCCCAGACCACAGACTCAGGCATTTATTTCTGTGCTGTGGATGGGGGAGGAAGTGCTGACAGACTCACCTTTGGCAAAGGGACTCGTCTAATCGTCCAGCCCT	0	GIQVEQSPPDLILQEGANSTLRCNYSATANNLQWFHQNPWGQLINLFYIPSGTKQNGRLSATTVRRCV*ETEHISSSQTTDSGIYFCAVDGGGSADRLTFGKGTRLIVQP	7	7	0	0	0	0	0
46	4	GACAGGAGGGCG	ACTGCGTA	74	('TRAV22-1', 'TRAJ45')	74	1.0	TGTGCTGTGGATGGGGGAGGAAGTGCTGACAGACTCACCTTT	CAVDGGGSADRLTF	False	72	0.973	1	GGAATTCAAGTGGAGCAGAGTCCTCCAGACCTGATTCTCCAGGAGGGAGCCAATTCTACGCTGCGGTGCAATTATTCTGCCACTGCGAACAATTTGCAGTGGTTTCACCAAAACCCTTGGGGACAGCTCATCAACCTGTTTTACATCCCCTCAGGGACAAAACAGAATGGAAGATTAAGCGCCACGACTGTTCGGAGATGTGTATAAGAGACAGAGCACATTTCCTCCTCCCAGACCACAGACTCAGGCATTTATTTCTGTGCTGTGGATGGGGGAGGAAGTGCTGACAGACTCACCTTTGGCAAAGGGACTCGTCTAATCGTCCAGCCCT	0	GIQVEQSPPDLILQEGANSTLRCNYSATANNLQWFHQNPWGQLINLFYIPSGTKQNGRLSATTVRRCV*ETEHISSSQTTDSGIYFCAVDGGGSADRLTFGKGTRLIVQP	74	74	0	0	0	0	0
46	5	GACAGGAGGGCG	ACTGCGTT	1000	('TRAV22-1', 'TRAJ45')	1000	1.0	TGTGCTGTGGATGGGGGAGGAAGTGCTGACAGACTCACCTTT	CAVDGGGSADRLTF	False	969	0.969	1	GGAATTCAAGTGGAGCAGAGTCCTCCAGACCTGATTCTCCAGGAGGGAGCCAATTCTACGCTGCGGTGCAATTATTCTGCCACTGCGAACAATTTGCAGTGGTTTCACCAAAACCCTTGGGGACAGCTCATCAACCTGTTTTACATCCCCTCAGGGACAAAACAGAATGGAAGATTAAGCGCCACGACTGTTCGGAGATGTGTATAAGAGACAGAGCACATTTCCTCCTCCCAGACCACAGACTCAGGCATTTATTTCTGTGCTGTGGATGGGGGAGGAAGTGCTGACAGACTCACCTTTGGCAAAGGGACTCGTCTAATCGTCCAGCCCT	0	GIQVEQSPPDLILQEGANSTLRCNYSATANNLQWFHQNPWGQLINLFYIPSGTKQNGRLSATTVRRCV*ETEHISSSQTTDSGIYFCAVDGGGSADRLTFGKGTRLIVQP	1000	1000	0	0	0	0	0
46	6	GACAGGAGGGCG	ACTGTGTT	8	('TRAV22-1', 'TRAJ45')	8	1.0	TGTGCTGTGGATGGGGGAGGAAGTGCTGACAGACTCACCTTT	CAVDGGGSADRLTF	False	8	1.0	1	GGAATTCAAGTGGAGCAGAGTCCTCCAGACCTGATTCTCCAGGAGGGAGCCAATTCTACGCTGCGGTGCAATTATTCTGCCACTGCGAACAATTTGCAGTGGTTTCACCAAAACCCTTGGGGACAGCTCATCAACCTGTTTTACATCCCCTCAGGGACAAAACAGAATGGAAGATTAAGCGCCACGACTGTTCGGAGATGTGTATAAGAGACAGAGCACATTTCCTCCTCCCAGACCACAGACTCAGGCATTTATTTCTGTGCTGTGGATGGGGGAGGAAGTGCTGACAGACTCACCTTTGGCAAAGGGACTCGTCTAATCGTCCAGCCCT	0	GIQVEQSPPDLILQEGANSTLRCNYSATANNLQWFHQNPWGQLINLFYIPSGTKQNGRLSATTVRRCV*ETEHISSSQTTDSGIYFCAVDGGGSADRLTFGKGTRLIVQP	8	8	0	0	0	0	0
46	7	GACAGGAGGGCG	GCTGCGTT	12	('TRAV22-1', 'TRAJ45')	12	1.0	TGTGCTGTGGATGGGGGAGGAAGTGCTGACAGACTCACCTTT	CAVDGGGSADRLTF	False	11	0.917	1	GGAATTCAAGTGGAGCAGAGTCCTCCAGACCTGATTCTCCAGGAGGGAGCCAATTCTACGCTGCGGTGCAATTATTCTGCCACTGCGAACAATTTGCAGTGGTTTCACCAAAACCCTTGGGGACAGCTCATCAACCTGTTTTACATCCCCTCAGGGACAAAACAGAATGGAAGATTAAGCGCCACGACTGTTCGGAGATGTGTATAAGAGACAGAGCACATTTCCTCCTCCCAGACCACAGACTCAGGCATTTATTTCTGTGCTGTGGATGGGGGAGGAAGTGCTGACAGACTCACCTTTGGCAAAGGGACTCGTCTAATCGTCCAGCCCT	0	GIQVEQSPPDLILQEGANSTLRCNYSATANNLQWFHQNPWGQLINLFYIPSGTKQNGRLSATTVRRCV*ETEHISSSQTTDSGIYFCAVDGGGSADRLTFGKGTRLIVQP	12	12	0	0	0	0	0
47	1	GACAGGAGGGTG	ACTGCGTT	7	('TRAV22-1', 'TRAJ45')	7	1.0	TGTGCTGTGGATGGGGGAGGAAGTGCTGACAGACTCACCTTT	CAVDGGGSADRLTF	False	7	1.0	1	GGAATTCAAGTGGAGCAGAGTCCTCCAGACCTGATTCTCCAGGAGGGAGCCAATTCTACGCTGCGGTGCAATTATTCTGCCACTGCGAACAATTTGCAGTGGTTTCACCAAAACCCTTGGGGACAGCTCATCAACCTGTTTTACATCCCCTCAGGGACAAAACAGAATGGAAGATTAAGCGCCACGACTGTTCGGAGATGTGTATAAGAGACAGAGCACATTTCCTCCTCCCAGACCACAGACTCAGGCATTTATTTCTGTGCTGTGGATGGGGGAGGAAGTGCTGACAGACTCACCTTTGGCAAAGGGACTCGTCTAATCGTCCAGCCCT	0	GIQVEQSPPDLILQEGANSTLRCNYSATANNLQWFHQNPWGQLINLFYIPSGTKQNGRLSATTVRRCV*ETEHISSSQTTDSGIYFCAVDGGGSADRLTFGKGTRLIVQP	7	7	0	0	0	0	0
48	1	GACAGGAGTGCG	ACTGCGTT	10	('TRAV22-1', 'TRAJ45')	10	1.0	TGTGCTGTGGATGGGGGAGGAAGTGCTGACAGACTCACCTTT	CAVDGGGSADRLTF	False	10	1.0	1	GGAATTCAAGTGGAGCAGAGTCCTCCAGACCTGATTCTCCAGGAGGGAGCCAATTCTACGCTGCGGTGCAATTATTCTGCCACTGCGAACAATTTGCAGTGGTTTCACCAAAACCCTTGGGGACAGCTCATCAACCTGTTTTACATCCCCTCAGGGACAAAACAGAATGGAAGATTAAGCGCCACGACTGTTCGGAGATGTGTATAAGAGACAGAGCACATTTCCTCCTCCCAGACCACAGACTCAGGCATTTATTTCTGTGCTGTGGATGGGGGAGGAAGTGCTGACAGACTCACCTTTGGCAAAGGGACTCGTCTAATCGTCCAGCCCT	0	GIQVEQSPPDLILQEGANSTLRCNYSATANNLQWFHQNPWGQLINLFYIPSGTKQNGRLSATTVRRCV*ETEHISSSQTTDSGIYFCAVDGGGSADRLTFGKGTRLIVQP	10	10	0	0	0	0	0
49	1	GACAGGATGGCG	ACTGCGTT	5	('TRAV22-1', 'TRAJ45')	5	1.0	TGTGCTGTGGATGGGGGAGGAAGTGCTGACAGACTCACCTTT	CAVDGGGSADRLTF	False	5	1.0	1	GGAATTCAAGTGGAGCAGAGTCCTCCAGACCTGATTCTCCAGGAGGGAGCCAATTCTACGCTGCGGTGCAATTATTCTGCCACTGCGAACAATTTGCAGTGGTTTCACCAAAACCCTTGGGGACAGCTCATCAACCTGTTTTACATCCCCTCAGGGACAAAACAGAATGGAAGATTAAGCGCCACGACTGTTCGGAGATGTGTATAAGAGACAGAGCACATTTCCTCCTCCCAGACCACAGACTCAGGCATTTATTTCTGTGCTGTGGATGGGGGAGGAAGTGCTGACAGACTCACCTTTGGCAAAGGGACTCGTCTAATCGTCCAGCCCT	0	GIQVEQSPPDLILQEGANSTLRCNYSATANNLQWFHQNPWGQLINLFYIPSGTKQNGRLSATTVRRCV*ETEHISSSQTTDSGIYFCAVDGGGSADRLTFGKGTRLIVQP	5	5	0	0	0	0	0
50	1	GACAGGGGGGCG	ACTGCGTT	10	('TRAV22-1', 'TRAJ45')	10	1.0	TGTGCTGTGGATGGGGGAGGAAGTGCTGACAGACTCACCTTT	CAVDGGGSADRLTF	False	10	1.0	1	GGAATTCAAGTGGAGCAGAGTCCTCCAGACCTGATTCTCCAGGAGGGAGCCAATTCTACGCTGCGGTGCAATTATTCTGCCACTGCGAACAATTTGCAGTGGTTTCACCAAAACCCTTGGGGACAGCTCATCAACCTGTTTTACATCCCCTCAGGGACAAAACAGAATGGAAGATTAAGCGCCACGACTGTTAGGAGATGTGTATAAGAGACAGAGCACATTTCCTCCTCCCAGACCACAGACTCAGGCATTTATTTCTGTGCTGTGGATGGGGGAGGAAGTGCTGACAGACTCACCTTTGGCAAAGGGACTCGTCTAATCGTCCAGCCCT	0	GIQVEQSPPDLILQEGANSTLRCNYSATANNLQWFHQNPWGQLINLFYIPSGTKQNGRLSATTVRRCV*ETEHISSSQTTDSGIYFCAVDGGGSADRLTFGKGTRLIVQP	10	10	0	0	0	0	0
51	1	GACAGTAGGGCG	ACTGCGTT	6	('TRAV22-1', 'TRAJ45')	6	1.0	TGTGCTGTGGATGGGGGAGGAAGTGCTGACAGACTCACCTTT	CAVDGGGSADRLTF	False	5	0.833	1	GGAATTCAAGTGGAGCAGAGTCCTCCAGACCTGATTCTCCAGGAGGGAGCCAATTCTACGCTGCGGTGCAATTATTCTGCCACTGCGAACAATTTGCAGTGGTTTCACCAAAACCCTTGGGGACAGCTCATCAACCTGTTTTACATCCCCTCAGGGACAAAACAGAATGGAAGATTAAGCGCCACGACTGTTCGGAGATGTGTATAAGAGACAGAGCACATTTCCTCCTCCCAGACCACAGACTCAGGCATTTATTTCTGTGCTGTGGATGGGGGAGGAAGTGCTGACAGACTCACCTTTGGCAAAGGGACTCGTCTAATCGTCCAGCCCT	0	GIQVEQSPPDLILQEGANSTLRCNYSATANNLQWFHQNPWGQLINLFYIPSGTKQNGRLSATTVRRCV*ETEHISSSQTTDSGIYFCAVDGGGSADRLTFGKGTRLIVQP	6	6	0	0	0	0	0
52	1	GACGGGAGGGCG	ACTGCGTT	7	('TRAV22-1', 'TRAJ45')	7	1.0	TGTGCTGTGGATGGGGGAGGAAGTGCTGACAGACTCACCTTT	CAVDGGGSADRLTF	False	7	1.0	1	GGAATTCAAGTGGAGCAGAGTCCTCCAGACCTGATTCTCCAGGAGGGAGCCAATTCTACGCTGCGGTGCAATTATTCTGCCACTGCGAACAATTTGCAGTGGTTTCACCAAAACCCTTGGGGACAGCTCATCAACCTGTTTTACATCCCCTCAGGGACAAAACAGAATGGAAGATTAAGCGCCACGACTGTTCGGAGATGTGTATAAGAGACAGAGCACATTTCCTCCTCCCAGAACACAGACTCAGGCATTTATTTCTGTGCTGTGGATGGGGGAGGAAGTGCTGACAGACTCACCTTTGGCAAAGGGACTCGTCTAATCGTCCAGCCCT	0	GIQVEQSPPDLILQEGANSTLRCNYSATANNLQWFHQNPWGQLINLFYIPSGTKQNGRLSATTVRRCV*ETEHISSSQNTDSGIYFCAVDGGGSADRLTFGKGTRLIVQP	7	7	0	0	0	0	0
53	1	GACTCTTTCGCG	ATGAGCGT	12	('TRAV13-1', 'TRAJ30')	12	1.0	TGCGCTGGAGAGGGGTAGGGATGACAAAATCATCTTTGGAAAAGGGAC	CAGEG*G*QNHLWKRD	False	12	1.0	3	GGAGAGAATGTGGAGCAGCATCCTTCAACCCTGAGTGTCCAGGAGGGAGACAGCTCCGTTATCAAGTGTACTTATTCAGACAGTGCCTCAAACTACTTCCCTTGGTATAAGCAAGAACTTGGAAAAGGACCTCAGTTCATTATAGACATTCGTTCAAATGCGCATGAAAAGAAAAACCAAAGAATTACTGTTTTAAGAGACAAGACAGCCAAACATTTCTCTCTGCACATCACAGAGACCCAACCTTGAGACTCAGCTGTCTACTTCTGCGCTGGAGAGGGGTAGGGATGACAAAATCATCTTTGGAAAAGGGACACGACTTCATATTCTCCCCA	0	GENVEQHPSTLSVQEGDSSVIKCTYSDSASNYFPWYKQELGKGPQFIIDIRSNAHEKKNQRITVLRDKTAKHFSLHITETQP*DSAVYFCAGEG*G*QNHLWKRDTTSYSP	12	12	0	0	0	0	0
54	1	GCCAACCTGAGT	TCGGGACA	335	('TRAV22-1', 'TRAJ35')	335	1.0	TGTGCTGGATCGGAGGTGGGGCTTTGGGAATGTGTTGCATTT	CAGSEVGLWECVAF	False	283	0.845	1	GGAATTCAAGTGGAGCAGAGTCCTCCAGACCTGATTCTCCAGGAGGGAGCCAATTCTACGCTGCGGTGCAATTATTCTGCCACTGCGAACAATTTGCAGTGGTTTCACCAAAACCCTTGGGGACAGCTCATCAACCTGTTTTACATCCCCTCAGGGACAAAACAGAATGGAAGATTAAGCGCCACGACTGTCCGGAGATGTGTATAAGAGACAGAGCACATTTCCTCCTCCCAGACCACAGACTCAGGCATTTATTTCTGTGCTGGATCGGAGGTGGGGCTTTGGGAATGTGTTGCATTTCGGGTCCGGCACTCAAGTGATTGTTTTACCAC	0	GIQVEQSPPDLILQEGANSTLRCNYSATANNLQWFHQNPWGQLINLFYIPSGTKQNGRLSATTVRRCV*ETEHISSSQTTDSGIYFCAGSEVGLWECVAFRVRHSSDCFT	335	335	0	0	0	0	0
55	1	GCCATCGCGGGC	GCGGAATG	15	('TRAV25', 'TRAJ21')	15	1.0	TGCGCAGGGCCCGACAACTTCAACAAATTTTACTTT	CAGPDNFNKFYF	True	15	1.0	0	GGACAACAAATAATGCAAATTCCTCAGTACCAGCATGTACAAGAAGGAGAGGACTTCACCACGTACTGCAATTCCTCAACTACTTTAAGCAATATACAGTGGTATAAGCAAAGGCCTGGGGGACATCCCGTTTTTTTGATAATGTTAGTGAAGAGTGGAGAAGTGAAGAAGCAGAAAAGACTGACATTTCAGTATAAGAGACAGAGAAAGAACAGCTCCCTGCACATCACAGCCACCCAGACTACAGATGAAGGAAGCTACTTCTGCGCAGGGCCCGACAACTTCAACAAATTTTACTTTGGATCTGGGACCAAACTCAATGTAAAACCAA	0	GQQIMQIPQYQHVQEGEDFTTYCNSSTTLSNIQWYKQRPGGHPVFLIMLVKSGEVKKQKRLTFQYKRQRKNSSLHITATQTTDEGSYFCAGPDNFNKFYFGSGTKLNVKP	15	15	0	0	0	0	0
56	1	GCCCCCCCCCAG	ATCTTGGA	87	('TRAV25', 'TRAJ52')	87	1.0	TGCGCAGGGCCCGGTGGTACTGGCTATGGAAAGCTGACATTT	CAGPGGTGYGKLTF	True	63	0.724	0	GGACAACAAATAATGCAAATTCCTCAGTACCAGCATGTACAAGAAGGAGAGGACTTCACCACGTACTGCAATTCCTCAACTACTTTAAGCAATATACAGTGGTATAAGCAAAGGCCTGGGGGACATCCCGTTTTTTTGATAATGTTAGTGAAGAGTGGAGAAGTGAAGAAGCAGAAAAGACTGACATTTCAGTCTGGGAGACAGAGAAAGAACAGCTCCCTGCACATCACAGCCACCCAGACTACAGATGTAGGAACCTACTTCTGCGCAGGGCCCGGTGGTACTGGCTATGGAAAGCTGACATTTGGACAAGGGACCATCTTGACTGTCTATCCAA	0	GQQIMQIPQYQHVQEGEDFTTYCNSSTTLSNIQWYKQRPGGHPVFLIMLVKSGEVKKQKRLTFQSGRQRKNSSLHITATQTTDVGTYFCAGPGGTGYGKLTFGQGTILTVYP	87	87	0	0	0	0	0
57	1	GCGAGTTGTTAT	AGAGCACG	334	('TRAV39', 'TRAJ31')	334	1.0	TGCGCCGTGGATTTAAGGAACAATGCCAGAGTCATCTTT	CAVDLRNNARVIF	True	329	0.985	0	GAGCTGAAAGTGGGACAAAACCCTCTGTTCCTGAGCACGCAGGAGGGAAAAAACTATACCATCTACTGCAATTATTCAACCGCTTCAGACAGACTGTATTGGTACAGGCAGGATCCTGGGAAAAGTCTGGAATCTCTGTTTGTGTTGCTGTCAAATGGAGCAGTGAAGCAGGAGGGACGATTAATGGCCTCACTTGACACCAAAGCCCGTCTCAGCAGCCTGCATATCACAGCCGCCCTGCAAGACCTCTCTGCCACCTACTTCTGCGCCGTGGATTTAAGGAACAATGCCAGAGTCATCTTTGGAGATGGAACTCAGCTGGTGGTGAAGCCCA	0	ELKVGQNPLFLSTQEGKNYTIYCNYSTASDRLYWYRQDPGKSLESLFVLLSNGAVKQEGRLMASLDTKARLSSLHITAALQDLSATYFCAVDLRNNARVIFGDGTQLVVKP	334	334	0	0	0	0	0
57	2	GCGAGTTGTTAT	AGGGCACG	6	('TRAV39', 'TRAJ31')	6	1.0	TGCGCCGTGGATTTAAGGAACAATGCCAGAGTCATCTTT	CAVDLRNNARVIF	True	6	1.0	0	GAGCTGAAAGTGGGACAAAACCCTCTGTTCCTGAGCACGCAGGAGGGAAAAAACTATACCATCTACTGCAATTATTCAACCGCTTCAGACAGACTGTATTGGTACAGGCAGGATCCTGGGAAAAGTCTGGAATCTCTGTTTGTGTTGCTGTCAAATGGAGCAGTGAAGCAGGAGGGACGATTAATGGCCTCACTTGACACCAAAGCCCGTCTCAGCAGCCTGCATATCACAGCCGCCCTGAAAGACCTCTCTGCCACCTACTTCTGCGCCGTGGATTTAAGGAACAATGCCAGAGTCATCTTTGGAGATGGAACTCAGCTGGTGGTGAAGCCCA	0	ELKVGQNPLFLSTQEGKNYTIYCNYSTASDRLYWYRQDPGKSLESLFVLLSNGAVKQEGRLMASLDTKARLSSLHITAALKDLSATYFCAVDLRNNARVIFGDGTQLVVKP	6	6	0	0	0	0	0
58	1	GCGCCACCAGAC	CGGGTTTA	31	('TRAV34', 'TRAJ34')	31	1.0	TGTGGAGGAGGTGCAACGCCAACAAGCTCATCTTTGGGACTGGGACCA	CGGGATPTSSSLGLGP	True	31	1.0	0	AGCCAAGAACTGGAGCAGAGTCCTCAGTCCTTGATCGTCCAAGAGGGAAAGAATCTCACCATAAACTGCACATCATCAAAGACATTATATGGCTTACACTGGTACAAGCAAAAGTATGGTGAAGGTCTTATCTTCTTGATGATGCTACAGCAAGGTGGGGAAGAGAAAAGTCATGAAAAAATAACTGCCAAGTTGGATGAGAAAAAGCAGCAAAGTTTCCTGCATATCACAGCCTCCCAGCCCAGCCATGCAGGCATCTACCTCTGTGGAGGAGGTGCAACGCCAACAAGCTCATCTTTGGGACTGGGACCAGATTACAAGTCTTTCCAA	0	SQELEQSPQSLIVQEGKNLTINCTSSKTLYGLHWYKQKYGEGLIFLMMLQQGGEEKSHEKITAKLDEKKQQSFLHITASQPSHAGIYLCGGGATPTSSSLGLGPDYKSFQ	31	31	0	0	0	0	0
59	1	GCGCGTGGCGGT	TCACGAGA	7	('TRAV9-2', 'TRAJ20')	7	1.0	TGTGCTCTGAGTGTATCCTCTAACAACTACAAGCTCAGCTTT	CALSVSSNNYKLSF	True	7	1.0	0	GGAGATTCAGTGACCCAGATGGAAGGGCCAGTGACTCTCTCAGAAAGGGCCTTCCTGACTATAAACTGCACGTACACAGCCACAGGATATCCTTCCCTTTTCTGGTATGTCCAATATCCTGGAGAAGGTCCACAGCTCCTCCTGAAAGCCGCGAAGACTGATGAGAAGGGAAGCAACAAAGGTTTTGAAGCCACATACCGTAAAGAAACCACTTCTTTCCACTTGAAGAAAGACTCAGTTCAAGAGTCAGATTCAGCTGTGTACTTCTGTGCTCTGAGTGTATCCTCTAACAACTACAAGCTCAGCTTTGGAGCCGGAACCACAGTAACTGTAAGAGCAGA	0	GDSVTQMEGPVTLSERAFLTINCTYTATGYPSLFWYVQYPGEGPQLLLKAAKTDEKGSNKGFEATYRKETTSFHLKKDSVQESDSAVYFCALSVSSNNYKLSFGAGTTVTVRA	7	7	0	0	0	0	0
60	1	GCTGGGTCGGTC	TGCTGGCG	76	('TRAV12-1', 'TRAJ50')	76	1.0	TGTGCAGTGCGTATGCCAACCTCCTACAACAAGCTGATGTTT	CAVRMPTSYNKLMF	True	73	0.961	0	CAGAAGGAGGTGGAGCAGGATCCTGGACCCTTCAGTGTTCCAGAGGGAGCCACTGTCACTTTCAACTGCACTTACAGCAACAGTGCTTCCCAGTCTTTCTTCTGGTACAGACAGGATTCCAGGAAAGAACCTAAGTTGCTGATGTCTGTATACTCCAGTGGTAACGAAGATGGAAGGTTTACAGCACAGCTCAATAGAGCCAGCCAGTATATTTCCCTGCTCATCATAGACTCCCAGCTCAGTGATTCAGCCACCTACCTCTGTGCAGTGCGTATGCCAACCTCCTACAACAAGCTGATGTTTGGGCGGGGGACAAGCTTATCAGTCATTCCAA	0	QKEVEQDPGPFSVPEGATVTFNCTYSNSASQSFFWYRQDSRKEPKLLMSVYSSGNEDGRFTAQLNRASQYISLLIIDSQLSDSATYLCAVRMPTSYNKLMFGRGTSLSVIP	76	76	0	0	0	0	0
61	1	GGCAGGAGGGCG	ACTGCGTT	5	('TRAV22-1', 'TRAJ45')	5	1.0	TGTGCTGTGGATGGGGGAGGAAGTGCTGACAGACTCACCTTT	CAVDGGGSADRLTF	False	5	1.0	1	GGAATTCAAGTGGAGCAGAGTCCTCCAGACCTGATTCTCCAGGAGGGAGCCAATTCTACGCTGCGGTGCAATTATTCTGCCACTGCGAACAATTTGCAGTGGTTTCACCAAAACCCTTGGGGACAGCTCATCAACCTGTTTTACATCCCCTCAGGGACAAAACAGAATGGAAGATTAAGCGCCACGACTGTTCGGAGATGTGTATAAGAGACAGAGCACATTTCCTCCTCCCAGACCACAGACTCAGGCATTTATTTCTGTGCTGTGGATGGGGGAGGAAGTGCTGACAGACTCACCTTTGGCAAAGGGACTCATCTAATCGTCCAGCCCT	0	GIQVEQSPPDLILQEGANSTLRCNYSATANNLQWFHQNPWGQLINLFYIPSGTKQNGRLSATTVRRCV*ETEHISSSQTTDSGIYFCAVDGGGSADRLTFGKGTHLIVQP	5	5	0	0	0	0	0
62	1	GGTACCACGCAT	CTAGTCGT	16	('TRAV21', 'TRAJ58')	16	1.0	TGTGCTGGCGGCTTGAGGCAAACCGGTGGCTCTAGGTTGACCTTT	CAGGLRQTGGSRLTF	True	16	1.0	0	AAACAGGAGGTGACACAGATTCCTGCAGCTCTGAGTGTTCCAGAAGGAGACAACTTGGTTCTCAACTGCAGTTTCACTGATAGCGCTATTTACAACCTCCAGTGGTTTAGGCAGGACCCTGGGAAAGGTCTCACATCTCTGTTGTTAATTCAGTCAAGTCAGAGAGAGCAAACAAGTGGAAGACTTAATGCCTCGCTGGATAAATCATCAGGACGTAGTACTTTATACATTACAGCTTCTCAGCCTAGTGACTCAGCCACCTACCTCTGTGCTGGCGGCTTGAGGCAAACCGGTGGCTCTAGGTTGACCTTTGGGGAAGGAACACAGCTCACAGTGAATCCTG	0	KQEVTQIPAALSVPEGDNLVLNCSFTDSAIYNLQWFRQDPGKGLTSLLLIQSSQREQTSGRLNASLDKSSGRSTLYITASQPSDSATYLCAGGLRQTGGSRLTFGEGTQLTVNP	16	16	0	0	0	0	0
63	1	GTCTATGGGAAG	ACTTGTAC	175	('TRAV1-2', 'TRAJ12')	175	1.0	TGTGCTGTGGTGGATAGCGACTATAAATTGATCTTT	CAVVDSDYKLIF	True	168	0.96	0	GGACAAAACATTGACCAGCCCACTGAGATGACAGCTATGGAAGGAGTCATTGTCCAGATCAACTGCACGTACCAGACGTCTGGGTTCAATGGGCTGTCCTGGTACCAGCAACATGATGGCGAAGCACCCACACTTCTCTCTTACAATGTTCTGGATGGTTTGGAGGAGAAAGGTCGTTTTTCTTCATTAATTCGTCTCGTGGGCTCGGAGATGTGTATAAGAGACAGAGAGCTCCAGATGAAAGACTCTGCCTCTTACCTCTGTGCTGTGGTGGATAGCGACTATAAATTGATCTTTGGGAGTGGGACCAGACTCCTGGTCAGGCCTG	0	GQNIDQPTEMTAMEGVIVQINCTYQTSGFNGLSWYQQHDGEAPTLLSYNVLDGLEEKGRFSSLIRLVGSEMCIRDRELQMKDSASYLCAVVDSDYKLIFGSGTRLLVRP	175	175	0	0	0	0	0
64	1	GTTTGGTTCCGA	GATACATG	16	('TRAV9-2', 'TRAJ20')	16	1.0	TGTGCTCTGAGTGAAAACAACTACAAGCTCAGCTTT	CALSENNYKLSF	True	16	1.0	0	GGAGATTCAGTGACCCAGATGGAAGGGCCAGTGACTCTCTCAGAAAGGGCCTTCCTGACTATAAACTGCACGTACACAGCCACAGGATATCCTTCCCTTTTCTGGTATGTCCAATATCCTGGAGAAGGTCCACAGCTCCTCCTGAAAGCCGCGAAGACTGATGAGAAGGGAAGCAACAAAGGTTTTGAAGCCACATACCGTAAAGAAACCACTTCTTTCCACTTGAAGAAAGACTCGGTTCAAGAGTCAGATTCAGCTGTGTACTTCTGTGCTCTGAGTGAAAACAACTACAAGCTCAGCTTTGGAGCCGGAACCACAGTAACTGTAAGAGCAA	0	GDSVTQMEGPVTLSERAFLTINCTYTATGYPSLFWYVQYPGEGPQLLLKAAKTDEKGSNKGFEATYRKETTSFHLKKDSVQESDSAVYFCALSENNYKLSFGAGTTVTVRA	16	16	0	0	0	0	0
65	1	TAACGCCCGCGG	ACACCGAT	35	('TRAV26-3', 'TRAJ43')	35	1.0	TGCATCTTGAGAGACGCCGTGTACAATAACAATGACATGCGCTTT	CILRDAVYNNNDMRF	True	34	0.971	0	GATGCTAAGACCACACAGCCAAATTCAATGGAGAGTAACGAAGAAGAGCCTGTACACTTGCCTTGTAACCACTCCACAATCAGTGGAACTGATTACATATACTGGTATCGACAACGTCCCTCCCAGGGTCCAGAGTATGTGATTCATGGTCTTACAAGTAATAACAACAGAATGGCCTCTCTGACAATCACTGAAGACAGAAAGTCCAGTACTTTGATCCTGCACCATGCTACCTTGAGAGATGCTGCTGTGTACTACTGCATCTTGAGAGACGCCGTGTACAATAACAATGACATGCGCTTTGGAGCAGGGACCAGACTGACAGTAAAACCAA	0	DAKTTQPNSMESNEEEPVHLPCNHSTISGTDYIYWYRQRPSQGPEYVIHGLTSNNNRMASLTITEDRKSSTLILHHATLRDAAVYYCILRDAVYNNNDMRFGAGTRLTVKP	35	35	0	0	0	0	0
66	1	TACCCCATCCGC	CCGCGCAA	89	('TRAV38-2', 'TRAJ60')	89	1.0	TGTGCTTATAGGAGCGCGGTGAAGAACACCGAGATGCTCAACTTT	CAYRSAVKNTEMLNF	True	86	0.966	0	GCCCAGACAGTCACTCAGTCTCAACCAGAGATGTCTGTGCAGGAGGCAGAGACCGTGACCCTGAGCTGCACATACGACACCAGTGACAGTGATTATTATTTGTTCTGGTACAAGCAGCCTCCCAGCAGGCAGATGATTCTCATTATTCGCCAAGAAGCTTATAAGCAACAGAATGCAACAGAGAATCGTTTCTCTGTGAACTTCCAGAAGACAGAGAAATCCTTCAGTCTCAAGATCTCAGACTCACAGCTGGGGGACGCCGCGATGTATTTCTGTGCTTATAGGAGCGCGGTGAAGAACACCGAGATGCTCAACTTTGGGAAGGGGACTGAGTTAAGTGTGAGCCTGG	0	AQTVTQSQPEMSVQEAETVTLSCTYDTSDSDYYLFWYKQPPSRQMILIIRQEAYKQQNATENRFSVNFQKTEKSFSLKISDSQLGDAAMYFCAYRSAVKNTEMLNFGKGTELSVSL	89	89	0	0	0	0	0
66	2	TACCCCATCCGC	CTGCGCAA	7	('TRAV38-2', 'TRAJ60')	7	1.0	TGTGCTTATAGGAGCGCGGTGAAGAACACCGAGATGCTCAACTTT	CAYRSAVKNTEMLNF	True	7	1.0	0	GCCCAGACAGTCACTCAGTCTCAACCAGAGATGTCTGTGCAGGAGGCAGAGACCGTGACCCTGAGCTGCACATACGACACCAGTGACAGTGATTATTATTTGTTCTGGTACAAGCAGCCTCCCAGCAGGCAGATGATTCTCATTATTCGCCAAGAAGCTTATAAGCAACAGAATGCAACAGAGAATCGTTTCTCTGTGAACTTCCAGAAGACAGAGAAATCCTTCAGTCTCAAGATCTCAGACTCACAGCTGGGGGACGCCGCGATGTATTTCTGTGCTTATAGGAGCGCGGTGAAGAACACCGAGATGCTCAACTTTGGGAAGGGGACTGAGTTAAGTGTGAGCCTGG	0	AQTVTQSQPEMSVQEAETVTLSCTYDTSDSDYYLFWYKQPPSRQMILIIRQEAYKQQNATENRFSVNFQKTEKSFSLKISDSQLGDAAMYFCAYRSAVKNTEMLNFGKGTELSVSL	7	7	0	0	0	0	0
67	1	TACCGCATTAAG	GAACGTAG	147	('TRAV24-?', 'TRAJ47')	147	1.0	TGTGCCTCCTACTATGGAAACAAGCTGATCTTC	CASYYGNKLIF	False	145	0.986	1	ATCCTGAACGTGGAACAAAGTCCCCAGTCACTGCATGTTCAGGAGGGAGACAGCACCAACTTCACCTGCAGCTTCCCTTCCAGCAATTTTTATGCCTTGCACTGGTACAGATGGGAAACTGCAAAAATCCCCAAGGCCTTGTTTGTAATGACTTTAAATGGGGATGAAAAGAAGAAAGGACGAGTAAGTGTATTCGTCTCGTGGGCTCGGAGATGTGTATAAGAGACAGAGAAAGGATCCCAGCCTGAAGACTCAGCCACATACCTCTGTGCCTCCTACTATGGAAACAAGCTGATCTTCGGCACAGGAACCATTCTGAGAGTCAAGCCTT	0	ILNVEQSPQSLHVQEGDSTNFTCSFPSSNFYALHWYRWETAKIPKALFVMTLNGDEKKKGRVSVFVSWARRCV*ETEKGSQPEDSATYLCASYYGNKLIFGTGTILRVKP	147	147	0	0	0	0	0
68	1	TACCGTGTACCA	GCTGATAT	7	('TRAV16', 'TRAJ45')	7	1.0	TGTGCTCCACGCGTATTC	CAPRVF	False	7	1.0	1	GCCCAGAGTGTGACTCAGCCCGAGAAGCTCCTCTCTGTCTTTAAAGGGGCCCCAGTGGAACTGAAGTGCTACTATTCATATTCTGGGAGTCCTAATCTCTTCTGGTATGTCCAGTACCCCAAACAACGCCTCCAGTTACTCTTGAGACACATCTCTAGAGAGAGCATCAAAGGCTTCACTGCTGACCTTAACAAAAGCGAGACATCTTTCCATCTGAAGAAACTATTCGCTCAAGAGGAAGACTCAGCCACGTATTACTGTGCTCCACGCGTATTCAGGAGGAAGTGCTAACAGACTCACCTTTGGCAAAGGGACTCATCTAATCGTCCAGCCCT	0	AQSVTQPEKLLSVFKGAPVELKCYYSYSGSPNLFWYVQYPKQRLQLLLRHISRESIKGFTADLNKSETSFHLKKLFAQEEDSATYYCAPRVFRRKC*QTHLWQRDSSNRPA	7	7	0	0	0	0	0
69	1	TAGTACCGACAG	ATCGGTGC	40	('TRAV25', 'TRAJ45')	40	1.0	TGCGCAGGGCCCAGAGGAAGTGCTGACAGACTCACCTTT	CAGPRGSADRLTF	True	40	1.0	0	GGACAACAAATAATGCAAATTCCTCAGTACCAGCATGTACAAGAAGGAGAGGACTTCACCACGTACTGCAATTCCTCAACTACTTTAAGCAATATACAGTGGTATAAGCAAAGGCCTGGGGGACATCCCGTTTTTTTGATAATGTTAGTGAAGAGTGGAGAAGTGAAGAAGCAGAAAAGACTGACATTTCAGTCTAAGAGACAGAGAAAGAACAGCTCCCTGCACATCACAGCCACCCAGACTACAGATGTAGGAACCTACTTCTGCGCAGGGCCCAGAGGAAGTGCTGACAGACTCACCTTTGGCAAAGGGACTCGTCTAATCGTCCAGCCCT	0	GQQIMQIPQYQHVQEGEDFTTYCNSSTTLSNIQWYKQRPGGHPVFLIMLVKSGEVKKQKRLTFQSKRQRKNSSLHITATQTTDVGTYFCAGPRGSADRLTFGKGTRLIVQP	40	40	0	0	0	0	0
70	1	TATCACGCCGGG	GGCTCGTT	64	('TRAV20', 'TRAJ9')	55	0.859	TGTGCTGTGTGATCAAATACTGGAGGCTTCAAAACTGTCTTT	CAV*SNTGGFKTVF	False	54	0.982	1	GAAGACCAGGTGACGCAGAGTCCTGAGGCCCTGAGCCTCCAGGAGGGAGAGAGTAGCAGTCTCAACTGCAGTTACACAGTCAGCGGCTTAAGAGGGCTGTTCTGGTATAGGCAAGATCCTGGGAAAGGCCCTGAATTCCTCTTCAGCCTGTATTCAGCTGGGGAAGAAAAGGAAAAAGAAAGGCTAAAAGCCACATTAACGAAGAAGGAGAGCTTTCTGCACATCACAGGCCCCAAACCTGAAGACTCAGCCACTTATCTCTGTGCTGTGTGATCAAATACTGGAGGCTTCAAAACTGTCTTTGGAGCAGGAACAAAACTATTTGTTGAAGCAA	0	EDQVTQSPEALSLQEGESSSLNCSYTVSGLRGLFWYRQDPGKGPEFLFSLYSAGEEKEKERLKATLTKKESFLHITGPKPEDSATYLCAV*SNTGGFKTVFGAGTKLFVEA	64	64	0	0	0	0	0
71	1	TCAGCGCCTAGT	GTGGGCGT	58	('TRAV23-1', 'TRAJ15')	33	0.569	TGCGCAGCAAGCATTGACCACCAGGCTGGAACTGCACTGATCTTT	CAASIDHQAGTALIF	True	33	1.0	0	CGGCAGCAGGTGAAACAAAGTCCTCAATCTTTGATAGTCCAGAAAGGAGGGATTTCAATTATAAACTGTGCTTATGAGAACAGTGCATTTGACTACTTTCCATGGTACCGACAATTCCCTGGGAAAGGCCCTGCATTATTGATAGCCATAAGTTCAGCTGCGAGCGAAAAAGAAGAAGGAAGATTCAAAATCTTCTTCAATAAAAGTGCCAAGAACTTCTCATTGCATATCATGGATTCCCAGCCTGGAGACTCAGCCACCTACTTCTGCGCAGCAAGCATTGACCACCAGGCTGGAACTGCACTGATCTTTGGGAAGGGAACCACCTTATCAGTGAGTTCCA	0	RQQVKQSPQSLIVQKGGISIINCAYENSAFDYFPWYRQFPGKGPALLIAISSAASEKEEGRFKIFFNKSAKNFSLHIMDSQPGDSATYFCAASIDHQAGTALIFGKGTTLSVSS	58	58	0	0	0	0	0
72	1	TCCGCGACTCAA	GGAAGCGC	13	('TRAV20', 'TRAJ11')	13	1.0	TGTGCTGTGCAAGCATGGGGATACAGCACACTCACCTTT	CAVQAWGYSTLTF	False	13	1.0	1	GAAGACCAGGTGACGCAGAGTCCTGAGGCCCTGAGCCTCCAGGAGGGAGAGAGTAGCAGTCTCAACTGCAGTTACACAGTCAGCGGCTTAAGAGGGCTGTTCTGGTATAGGCAAGATCCTGGGAAAGGCCCTGAATTCCTCTTCAGCCTGTATTCAGCTGGGGAAGAAAAGGAAAAAGAAAGGCTAAAAGCCTCGTGGGCTCGAAGATGTGTATAAGAGACAGAGAAAGGATCCCAGCCTGAAGACTCAGCCACTTATCTCTGTGCTGTGCAAGCATGGGGATACAGCACACTCACCTTTGGGAAGGGGACAATGCTTCTAGTCTTTCCAG	0	EDQVTQSPEALSLQEGESSSLNCSYTVSGLRGLFWYRQDPGKGPEFLFSLYSAGEEKEKERLKASWARRCV*ETEKGSQPEDSATYLCAVQAWGYSTLTFGKGTMLLVFP	13	13	0	0	0	0	0
73	1	TCCTGATACCGA	TCTGCCGT	37	('TRAV13-2', 'TRAJ40')	37	1.0	TGTGCAGAGATCCCTTGGGGAGGAACCTACAAATACATCTTT	CAEIPWGGTYKYIF	True	37	1.0	0	GGAGAGAGTGTGGGGCTGCATCTTCCTACCGTGACTGTTCAGGAGGGAGATAACTCTGTTATCAACTGTACTTATTCAGACAGTGCCTCAGACTACTTCCTTTGGTACAAGCAAGAATCTGGAAAAGGTCCTCAATCCATTATGGACATCCGTTCAAATATGGCTAAGAGGCAAGGCCAAAGACTCACCGTTTTATTGAATAAGACAATGAAACATCTCTCTCTGCAAATTGCAGCTACTGAACCTGGAGACTCAGCTGTCTACTTCTGTGCAGAGATCCCTTGGGGAGGAACCTACAAATACATCTTTGGAACAGGCACGAGGCTGAATGTTTTAGCAA	0	GESVGLHLPTVTVQEGDNSVINCTYSDSASDYFLWYKQESGKGPQSIMDIRSNMAKRQGQRLTVLLNKTMKHLSLQIAATEPGDSAVYFCAEIPWGGTYKYIFGTGTRLNVLA	37	37	0	0	0	0	0
74	1	TCTCAGGCAATC	ACGTCGGG	24	('TRAV29', 'TRAJ20')	24	1.0	TGTGCAGCCCCGAGAACTGACAAGCTCAGCTTT	CAAPRTDKLSF	True	23	0.958	0	GACCAGCAAGTTAAGCAAAAACCACCATCCCTGAGTGTCCAGGAAGGAGGAATTTCTATTCTGAACTGTGACTATACTAACAGCATGTTTGATTATTTCGTATGGTACAAAAAATACCCTGCTGAAGGTCCTACATTCCTGATATCTATACGTTCCGTTAAGGATAAAAATGAAGAGGGAAGATTCACAGTCTTCTTAAACAGAAGTGCCAAGCACCTCTCTCTGCACATTGGGGCCTCCCAGCCTGGAGACTCTGCAGTGTACCTCTGTGCAGCCCCGAGAACTGACAAGCTCAGCTTTGGAGCCGGAACCACAGTAACTGTAAGAGCAA	0	DQQVKQKPPSLSVQEGGISILNCDYTNSMFDYFVWYKKYPAEGPTFLISIRSVKDKNEEGRFTVFLNRSAKHLSLHIGASQPGDSAVYLCAAPRTDKLSFGAGTTVTVRA	24	24	0	0	0	0	0
75	1	TCTCGCACGCTC	GACCGGTC	86	('TRAV14-2', 'TRAJ47')	86	1.0	TGTGCAATGAGAGGGCCGGACTATGGAAACAAGCTGATCTTC	CAMRGPDYGNKLIF	False	85	0.988	2	GCCCAGAAGATAACTCAAACCCAACCAGCAATGTTCGTGCAGGAAAAGGAGGCTGTGACTCTGGACTGCACATATGACACCAGTGATCAAAATTACGGTCTATTCTGGTACAAGCAACCCAGCAGTGGAGAGATGATTTTTCTTATTCTTCAGATGTCTTATGACAAGCAAAATGCAACAGAAGGACGCTACTCATTGAACTTCCAGAGATAGCAATTCGTCTCGTGGGCTCGGAGATGTGTATAAGAGACAGAGGACTCAGCAACGTATTTCTGTGCAATGAGAGGGCCGGACTATGGAAACAAGCTGATCTTCGGCACAGGAACCATTCTGAGAGTCAAGCCTT	0	AQKITQTQPAMFVQEKEAVTLDCTYDTSDQNYGLFWYKQPSSGEMIFLILQMSYDKQNATEGRYSLNFQR*QFVSWARRCV*ETEDSATYFCAMRGPDYGNKLIFGTGTILRVKP	86	86	0	0	0	0	0
76	1	TCTTCCGGGCGT	TATACGCC	50	('TRAV20', 'TRAJ40')	50	1.0	TGTGCTGTGCGGAACACAGGAAACTACAAATACATCTTT	CAVRNTGNYKYIF	True	50	1.0	0	GAAGACCAGGTGACGCAGAGTCCTGAGGCCCTGAGCCTCCAGGAGGGAGAGAGTAGCAGTCTCAACTGCAGTTACACAGTCAGCGGCTTAAGAGGGCTGTTCTGGTATAGGCAAGATCCTGGGAAAGGCCCTGAATTCCTCTTCAGCCTGTATTCAGCTGGGGAAGAAAAGGAAAAAGAAAGGCTAAAAGCCACATTAACGAAGAAGGAGAGCTTTCTGCACATCACAGGCCCCAAACCTGAAGACTCAGCCACTTATCTCTGTGCTGTGCGGAACACAGGAAACTACAAATACATCTTTGGAACAGGCACCAGGCTGAATGTTTTAGCGAAA	0	EDQVTQSPEALSLQEGESSSLNCSYTVSGLRGLFWYRQDPGKGPEFLFSLYSAGEEKEKERLKATLTKKESFLHITGPKPEDSATYLCAVRNTGNYKYIFGTGTRLNVLAK	50	50	0	0	0	0	0
77	1	TGCAATCTTGTC	CTCTGTGC	7	('TRAV26-2', 'TRAJ30')	7	1.0	TGCATCGTGAGAGTCTCGAACAGAGATGACAAAATCATCTTT	CIVRVSNRDDKIIF	True	7	1.0	0	GATGCTAAGACCACTCAGCCCACCTCCATGGATTGTGCTGAAGGAAGAGCTGCAAACTTGCCTTGTAATCACTCTACCATCAGTGCAAATACCATCAGTGCAAATGAGTACATACATTGGTATCGACAGTTTCACTCCCAGGGGCCACAGTATGTCATTCATGGTCTAAAAAACAATGAGACCAATGCAATGGCCTCTCTGATCATCACAGAAGACAGAAAGTCCAGCACCTTGATCCTGCCCCACGCGACGCTGAGAGACACTGCTGTGTACTATTGCATCGTGAGAGTCTCGAACAGAGATGACAAAATCATCTTTGGAAAAGGGACACGACTTCATATTCTCCCCA	0	DAKTTQPTSMDCAEGRAANLPCNHSTISANTISANEYIHWYRQFHSQGPQYVIHGLKNNETNAMASLIITEDRKSSTLILPHATLRDTAVYYCIVRVSNRDDKIIFGKGTRLHILP	7	7	0	0	0	0	0
78	1	TGCCGTGTACCA	GCTGATAT	146	('TRAV16', 'TRAJ45')	146	1.0	TGTGCTCCACGCGTATTC	CAPRVF	False	146	1.0	1	GCCCAGAGTGTGACTCAGCCCGAGAAGCTCCTCTCTGTCTTTAAAGGGGCCCCAGTGGAACTGAAGTGCTACTATTCATATTCTGGGAGTCCTAATCTCTTCTGGTATGTCCAGTACCCCAAACAACGCCTCCAGTTACTCTTGAGACACATCTCTAGAGAGAGCATCAAAGGCTTCACTGCTGACCTTAACAAAAGCGAGACATCTTTCCATCTGAAGAAACTATTCGCTCAAGAGGAAGACTCAGCCACGTATTACTGTGCTCCACGCGTATTCAGGAGGAAGTGCTAACAGACTCACCTTTGGCAAAGGGACTCATCTAATCGTCCAGCCCT	0	AQSVTQPEKLLSVFKGAPVELKCYYSYSGSPNLFWYVQYPKQRLQLLLRHISRESIKGFTADLNKSETSFHLKKLFAQEEDSATYYCAPRVFRRKC*QTHLWQRDSSNRPA	146	146	0	0	0	0	0
79	1	TGCGGGCGCCAT	GAGACGGC	47	('TRAV22-1', 'TRAJ39')	47	1.0	TGTGCTGTGAGCAATGCAGGCAACGTGCTCACATTT	CAVSNAGNVLTF	False	46	0.979	1	GGAATTCAAGTGGAGCAGAGTCCTCCAGACCTGATTCTCCAGGAGGGAGCCAATTCTACGCTGCGGTGCAATTATTCTGCCACTGCGAACAATTTGCAGTGGTTTCACCAAAACCCTTGGGGACAGCTCATCAACCTGTTTTACATCCCCTCAGGGACAAAACAGAATGGAAGATTAAGCGCCACGTGGGCTCGGAGATGTGTATAAGAGACAGAGCACATTTCCTCCTCCCAGACCACAGACTCAGGCATTTATTTCTGTGCTGTGAGCAATGCAGGCAACGTGCTCACATTTGGAGGGGGAACAAGGTTAATGGTCAAACCCC	0	GIQVEQSPPDLILQEGANSTLRCNYSATANNLQWFHQNPWGQLINLFYIPSGTKQNGRLSATWARRCV*ETEHISSSQTTDSGIYFCAVSNAGNVLTFGGGTRLMVKP	47	47	0	0	0	0	0
80	1	TTCTACACCACG	GGCATAGC	25	('TRAV25', 'TRAJ45')	25	1.0	TGCGCAGCCCATGCGTATTCAGGAGGAAGTGCTAACAGACTCACCTTT	CAAHAYSGGSANRLTF	True	25	1.0	0	GGACAACAAATAATGCAAATTCCTCAGTACCAGCATGTACAAGAAGGAGAGGACTTCACCACGTACTGCAATTCCTCAACTACTTTAAGCAATATACAGTGGTATAAGCAAAGGCCTGGGGGACATCCCGTTTTTTTGATAATGTTAGTGAAGAGTGGAGAAGTGAAGAAGCAGAAAAGACTGACATTTCAGTCTGGAGAAGCGAGAAAGAACAGCTCCCTGCACATCACAGCCACCCAGACTACAGATGAAGGAAGCTACTTCTGCGCAGCCCATGCGTATTCAGGAGGAAGTGCTAACAGACTCACCTTTGGCAAAGGGACTCATCTAATCGTCCAGCCCT	0	GQQIMQIPQYQHVQEGEDFTTYCNSSTTLSNIQWYKQRPGGHPVFLIMLVKSGEVKKQKRLTFQSGEARKNSSLHITATQTTDEGSYFCAAHAYSGGSANRLTFGKGTHLIVQP	25	25	0	0	0	0	0
