[Header],,,,,,,,,,
IEMFileVersion,4,,,,,,,,,
Investigator Name,Sarah,,,,,,,,,
Project Name,,,,,,,,,,
Experiment Name,custom ,,,,,,,,,
Date,6/4/21,,,,,,,,,
Workflow,Amplicon,,,,,,,,,
Application,Resequencing,,,,,,,,,
Assay,Amplicon,,,,,,,,,
Description,custom,,,,,,,,,
Chemistry,Amplicon,,,,,,,,,
,,,,,,,,,,
[Reads],,,,,,,,,,
140,,,,,,,,,,
,,,,,,,,,,
[Settings],,,,,,,,,,
CustomRead1PrimerMix,C1,,,,,,,,,
CustomIndexPrimerMix,C2,,,,,,,,,
OnlyGenerateFASTQ,1,,,,,,,,,
,,,,,,,,,,
[Data],,,,,,,,,,
Sample_ID,Sample_Name,Sample_Plate,Sample_Well,I7_Index_ID,index,I5_Index_ID,index2,Sample_Project,Description,GenomeFolder
S1,12_1_Alpha,plate,well,N701,,N501,GCGTAAGA,,,
S2,12_2_Alpha,plate,well,N701,,N501,CGTCTAAT,,,
S3,12_3_Alpha,plate,well,N701,,N501,TCTCTCCG,,,
S4,13_1_Alpha,plate,well,N701,,N501,TCGACTAG,,,
S5,13_2_Alpha,plate,well,N701,,N501,TTCTAGCT,,,
S6,13_3_Alpha,plate,well,N701,,N501,CCTAGAGT,,,
S7,14_1_Alpha,plate,well,N701,,N501,CTATTAAG,,,
S8,14_2_Alpha,plate,well,N701,,N501,AAGGCTAT,,,
S9,14_3_Alpha,plate,well,N701,,N501,TTATGCGA,,,
S10,15_1_Alpha,plate,well,N701,,N501,GAGCCTTA,,,
S11,15_2_Alpha,plate,well,N701,,N501,AACAATGG,,,
S12,15_3_Alpha,plate,well,N701,,N501,TTGAGCCT,,,
S13,21_1_Alphas,plate,well,N701,,N501,TCTCGGTC,,,
S14,21_2_Alphas,plate,well,N701,,N501,TACTTAGC,,,
S15,21_3_Alpha,plate,well,N701,,N501,GTAACATC,,,
S16,22_3_Alpha,plate,well,N701,,N501,AATGTTCT,,,
S17,23_1_Alpha,plate,well,N701,,N501,TGTCGGAT,,,
S18,23_2_Alpha,plate,well,N701,,N501,ACAGGTAT,,,
S19,23_3_Alpha,plate,well,N701,,N501,TGTAACTC,,,
S20,24_1_Alpha,plate,well,N701,,N501,ACCAACTG,,,
S21,24_2_Alpha,plate,well,N701,,N501,TGCTCGAC,,,
S22,24_3_Alphas,plate,well,N701,,N501,ACTGTATC,,,
S23,25_1_Alpha,plate,well,N701,,N501,TCTGGCGA,,,
S24,28_1_Alpha,plate,well,N701,,N501,ATTATCAA,,,
S25,30_1_Alpha,plate,well,N701,,N501,CAATAGTC,,,
S26,30_2_Alpha,plate,well,N701,,N501,GTCATCTA,,,
S27,30_3_Alpha,plate,well,N701,,N501,TAGATCGC,,,
S28,31_1_Alpha,plate,well,N701,,N501,CTCTCTAT,,,
S29,31_2_Alpha,plate,well,N701,,N501,TATCCTCT,,,
S30,31_3_Alpha,plate,well,N701,,N501,AGAGTAGA,,,
